Dim1,Dim2,Dim3,Dim4,Dim5,Dim6,Dim7,Dim8,Dim9,Dim10,Dim11,Dim12,Dim13,Dim14,Dim15,Dim16,Dim17,Dim18,Dim19,Dim20,Dim21,Dim22,Dim23,Dim24,Dim25,Dim26,Dim27,Dim28,Dim29,Dim30,Dim31,Dim32,Dim33,Dim34,Dim35,Dim36,Dim37,Dim38,Dim39,Dim40,Dim41,Dim42,Dim43,Dim44,Dim45,Dim46,Dim47,Dim48,Dim49,Dim50,Dim51,Dim52,Dim53,Dim54,Dim55,Dim56,Dim57,Dim58,Dim59,Dim60,Dim61,Dim62,Dim63,Dim64,Dim65,Dim66,Dim67,Dim68,Dim69,Dim70,Dim71,Dim72,Dim73,Dim74,Dim75,Dim76,Dim77,Dim78,Dim79,Dim80,Dim81,Dim82,Dim83,Dim84,Dim85,Dim86,Dim87,Dim88,Dim89,Dim90,Dim91,Dim92,Dim93,Dim94,Dim95,Dim96,Dim97,Dim98,Dim99,Dim100,Dim101,Dim102,Dim103,Dim104,Dim105,Dim106,Dim107,Dim108,Dim109,Dim110,Label
1.049131682931095,0.9762601822178015,0.8397819496291685,0.9988322644282479,0.7211671337322288,0.9592346939959454,1.1451302881901984,0.8259225338834159,0.950760209224617,0.9744275698956956,1.0627070005039156,0.7388168450560334,0.9450832144315733,1.1004965533333477,0.8116370737160896,0.6945468426245275,1.0892533238409534,0.6853295623934899,0.9952012508916329,1.0022469036281796,1.0669587266765908,1.1147054977718394,1.088413939241444,1.0204140722761825,0.8860942655547205,1.3654952822253528,1.1819153494876478,1.2065562385857773,0.9699508097628001,1.1261872931879562,0.8366348041666516,1.064977021680739,1.005241024096887,1.0512403708430076,0.8150353838238356,0.836079917762329,1.2092882650880976,0.8249428388145303,0.8048068085087761,0.9970023846243985,1.248776849480271,0.9416645009159212,0.906343556278768,1.0564492698072965,1.3945592989403042,0.9747467713111715,1.1332862862600033,0.9476211241698035,0.8521979798774418,1.0857777152558912,0.9077172348805498,0.9521107517497915,0.9984578743639869,1.0133920975949335,1.0692609195586167,1.0550433463940685,1.14630353834269,0.7111029442753105,1.1044092394851301,1.22103827059336,1.0593805874580315,0.9309624764018185,0.9702257622530884,0.9864786040318451,1.0847583638732152,1.1945530593867035,0.8515220521440996,1.0492696002864528,1.2263676864014337,1.248674615850566,1.136613073592717,1.1305482313389104,1.078019693334249,0.9901472937360516,0.8610658667830371,0.866608458956615,1.1844364607254978,0.734232020855295,0.870827899860972,1.0665221227976012,0.9748860326617307,1.1181532849131468,1.0807963026739367,0.9957487588709606,1.005621539598683,1.0353442296888955,1.20102801265507,0.8954716169902021,1.0695744798999025,0.9295162499203321,1.0609650909484987,1.0905896653508924,0.9863063584963174,0.8956144989429176,1.072924644150814,0.8310186817624142,1.0021592192433169,1.0194467311048852,0.9732852948981034,0.9336091254858576,0.7527639497055656,1.069823738791786,0.503248732072926,1.1055521706579756,0.977736726673479,1.118288003155214,0.9539501164150174,1.235842053853564,0.9695640631299786,0.9634165192360273,0
0.8396798367251794,1.072651397048054,0.7687254389005156,1.0867212551036558,1.0788530584682776,1.0544322176683056,0.8943955797571975,1.0533406774925607,1.2478212724054658,0.9850038387386225,1.1600386329615222,0.9650321582900465,1.1164286082836277,1.0547427588724734,0.9624156752834739,1.1009356259874028,0.945454154785208,1.0415050875876861,0.7153995952534073,0.9765949376882456,1.1539727014676917,0.8076668704768581,1.0570140366309766,1.2404289742707248,0.7852999949745527,1.185094370254539,1.0044913553313162,0.801330064789876,1.1297400207763098,0.7754009527587252,1.0411061095735696,1.0562780322865528,0.8577059700208541,1.1265963513157609,1.21198625029035,1.1088381320502656,1.0477438277680349,0.6930608483238436,0.9127927890052251,1.066146892695894,1.1528894428729717,0.8727423729418335,0.8823632064024007,0.7239883932595326,0.7832741075843248,1.0925360720667456,1.0053259473183156,0.9584488802852059,0.9690127055132224,1.2059044001038677,1.0295369815640616,1.1702172230028791,1.2038805100023071,1.2640250816469638,1.06636181528809,1.0090084506923105,1.1463454627737475,1.175721246200005,0.8283407880591399,0.9755629598853974,0.9654420765761377,0.9521691172550376,1.2101609993005265,0.8413509507854701,1.2084289740140874,0.9533550281580919,1.314030834424997,0.832962942288435,1.0075909725522079,1.0049766315728752,0.8543390752216673,0.9637789661689597,1.0340269659998205,1.1281925688088155,0.8893680402012911,0.809595236449773,1.245855147309807,1.0190416924773704,0.9948551196394164,0.826480947490108,1.140518910179484,0.9591843375709467,0.8553069520119405,0.9975810251448259,1.00436505095197,0.9966702744821658,1.2923185534247654,0.8433140634354619,0.8944512873137027,1.1590290982814508,1.1502380011902307,0.7058232565132505,1.1070876508668153,0.9810059643583363,0.9494670666421975,1.0646433934487591,0.8910779158974078,0.95810111857703,0.900852882293487,1.0181287972772342,0.9644230350851852,0.9601083150103573,0.9294526527292754,0.9770450638636685,0.7767274243327913,0.9124193493386872,1.032522884090088,1.1220663892196572,0.9677540912285989,1.0690104951837576,0
1.0049612851663579,1.021420383455958,1.0323023984263193,1.0728933741380198,0.6409676907122022,0.8990265878377919,0.8796691589554037,0.660407511777841,1.000640485026068,1.244791897821634,0.9966421137242898,1.0801070403269581,1.1407495851502545,1.041334205238243,0.9826219001758725,1.3243253307010936,1.1542272638866151,1.088280116390368,1.2325638688818992,0.9310487850314006,0.9584026530635349,0.7314370619449397,0.791595954128851,0.9997050387999121,1.0805685781252472,1.0602139049277766,1.0697675152688388,1.1760825194615565,1.0388566004539592,1.099450292003251,1.2146581614589025,1.0584259938887246,0.82540247645439,1.0195571884100925,0.9757809233310473,1.2482467255904475,1.0142949077363401,1.0168171317810866,1.0739334729275651,0.9872852725399249,1.0010327358622015,0.711295848941244,0.9915195716090808,0.7447933775445397,1.2046879309608451,1.1685917669860832,1.1163864110908956,1.2529238781703627,0.7927897775579146,0.9905152354018838,0.967909140561733,1.042204625283283,1.064037366518595,1.0257310578957388,1.0521848979316997,0.950685073412307,0.8706524972910945,0.975678225132946,1.1028491742969921,0.8915665094819842,0.9606572527286935,0.7930760229720771,1.070310224756792,0.6725398087374379,0.9712424818720784,1.0887383744706463,1.264370298223061,1.1215497300084594,1.1173107123183272,0.968740255542351,1.0674526542036937,0.7441414792331327,1.0398948171505158,0.9352140986615057,1.0257426341905835,1.0033597670769927,1.0730017185008738,0.8589806387396461,0.8469408040124362,1.0743394575504355,1.037728275443008,1.1581777976495529,1.1436790486979806,1.0200378521256563,0.7613002660914351,1.1731188837426367,0.8907957682411392,0.8980744489300159,1.0417840826292322,0.9479217935559079,0.8653481216564417,0.9203475626303219,0.8580735022867576,1.0029067666714293,0.8344416997862522,1.1648817408765098,0.9435208180065299,1.0232478166878027,0.9793299085857478,1.1321934357324508,0.851543336480495,1.3012733899917526,0.8876620364416287,1.1261046444716507,0.8977580492987053,0.9461285007127384,0.9993756929852768,0.9073128529563648,1.0278321634393515,1.0932093183968619,0
1.0966695147799421,1.0470861265661626,0.8198669143942534,1.1035661675988415,0.9250778936976927,0.8885885247070374,0.8678173876828913,0.9813384294757131,0.962163728106068,1.014170411204882,0.8959205120333872,1.1306076884803782,1.1361768134053287,1.1662887848947538,0.8765996965118844,0.9531046213617514,0.9797604038493231,1.059647502242613,1.0143161666416982,1.1165530436522015,0.9620335533620078,0.9330935435711196,0.867148355399272,1.2237712144451263,0.9529378000145674,0.947332192852121,0.6635141796958202,0.6756703972608917,1.0598154313212935,1.0338605512895866,0.9595296375918805,1.193700707807704,1.064274254458748,1.054916986687994,1.2895635614603345,0.98960580894718,0.8239605433370438,1.0368141030193905,0.8036911075882274,1.066169601974052,1.1008425210152988,1.1354483766155739,1.160572037026732,0.9091043046875434,0.8887623392545259,0.9531008944317564,0.9793336926041523,1.0838069981557443,1.0451828637424196,1.0108351358469252,0.8397787838031563,0.8516182631878714,0.9986352184223016,0.8786790576667567,0.9224089947386866,0.9390643138232897,1.024281727595173,0.851541002472943,0.7856309452083328,0.9913517063429459,1.1174626373024032,0.7954424218598781,1.031735580802684,1.0367003241444965,0.9371397054321213,1.1976914822885396,1.1064007739770882,0.9741500326757485,1.109834113433338,1.2060897778148152,0.8857416171988173,0.9540418169133058,0.5371632262356549,1.1292450751242589,1.0138633561247077,0.7459521026402782,1.0590032729262973,0.9284227837818823,1.0625440355066662,1.3106329734470505,0.8428982785250557,1.1608654122729443,0.9711109618247455,0.9156982704502865,0.976808207339682,0.8179970230546701,1.1786938967419407,0.7831262972549643,1.1392018790888316,0.9529705984918564,1.13310378183893,1.2366535208752178,0.9905948530027673,1.055514052812895,1.105759813234557,1.021643009820014,1.200407165792022,1.0865269890893612,1.0990033080882615,0.9146409875937136,0.9218920470521371,1.1816731298856609,1.0712212559706304,0.6871452514115792,1.2330145325938309,1.0039598765136217,0.9550698337756633,1.0024584482700019,0.8417184534044495,0.9439744955979671,0
1.2205205124804006,1.0847922139100394,0.8847026801466522,0.701181307245181,1.0348725963060659,1.0145813819434553,0.8891599956307892,1.2885584867275692,1.065394731816938,1.0358076711776039,1.0510924805238087,1.1611696193346972,0.8738138867741261,1.1977899689539604,0.7698806118461277,1.2522904519612974,1.0813957752009684,0.969786273484559,1.0239127373314352,0.8310166002469662,1.112304042065472,1.0911938638239684,0.92164503863329,1.1542086955001816,1.1660385170550627,1.146363365087396,1.0595899455871103,1.1114124597050399,1.1600989619654647,1.022892887343071,0.8745789005192327,0.9681771057142945,0.8565764921481124,1.0345646055201965,0.9358665066974948,0.8449515778841952,0.9670112117050604,0.7821214749420738,1.2903004333212542,1.0737823871565575,0.7040502482321918,0.9633016286309816,0.9423738517398957,1.3060179618405752,0.6739950386162543,0.8670799396457037,0.9327009467214765,1.0159617780307326,1.1128015079088425,0.8027172830003986,1.180712561529209,0.9064874231243799,1.0491967524542982,0.8594956343135897,1.0320862532167552,0.8027171911919051,1.0387087680225486,0.9680972790841706,1.0929149024754998,1.0469770173933424,0.9772420623034488,1.16840538575473,1.0984696342927187,0.8101649369459976,1.1532744744374508,0.5508488494838096,0.9911902712275357,0.8420926390050041,0.8322774822166751,1.2387956692142448,0.9587832158610075,0.9054197712808326,0.9619427164932141,0.932026735704111,0.6670029193817015,0.9670078095357341,0.8813240982330818,1.0420430817087893,1.0195115445332974,0.7944681956932614,1.3004375578857243,0.8966071878942793,0.9871570943563693,1.1317963343158421,1.0745700954325839,0.8636840814743627,0.7873865077229979,1.1112875096359516,0.9825043672607949,0.8609555777487713,1.0838077561870167,1.2353460892937136,1.1057725424553182,1.1821904034792268,1.1308196416458987,1.1970858408612512,1.1378538021316578,0.9119736673291491,1.0528838278164094,0.802170103546838,1.4303782361090374,0.9640574811405345,1.3020311753167184,1.1988475869623019,0.8725713055138986,1.199788508552818,1.0061757427709517,1.021625161029781,0.9952145793357015,0.755619344987741,0
1.0352522499089725,0.7641109458492046,0.940859018373025,1.127881636418569,1.2606572092711106,0.7687732325473394,0.8678309933198936,0.6984379131073186,1.1107465468267272,0.8194010126823039,0.921961774413645,1.0089590200159329,0.7645172379282905,0.955430097810731,1.1086688241391673,1.1352062493439796,0.8190460365384302,1.1191625279675625,0.8153066968079118,1.0030922292311608,1.0989890888041731,1.277974526093629,0.967651370159386,1.1721027887933666,1.1890955832018857,0.984297297434657,0.9404567375947198,0.8835826159493504,1.1930661095798005,0.9058122107642546,0.8700781885399196,1.0034821347022571,0.8636301468895964,1.0524972524433038,0.8128491773432217,0.8728209806384792,1.0751598877350754,1.0327878845547251,0.7986114153311497,1.0503956064417697,0.9095059422137747,1.2619363708225089,1.1325524045095483,0.996052090701526,1.2447015110718966,0.9792218908560308,1.0467259999747216,0.8187824717827163,1.2914863360457312,0.8770144060820702,0.7506728062667343,1.179204995625013,0.9795971616577029,0.9557354904428782,0.9765274998235044,1.217510251644664,1.1684925066549634,0.8264453052891504,1.0446678699134742,1.0686630208810994,0.9153572133434021,0.961075375315654,1.0882433092342048,1.1480292712243165,0.9797218166699354,0.900427775855007,1.055676561310599,0.9543172474822004,1.1408541656263431,1.1585234569421932,1.1153143070636828,1.1597922883141418,0.8020442423097207,1.0893343362706993,0.8750843920227797,1.0097203737297231,0.7825199457257406,0.7653562623335324,1.0278360876941304,0.7986925427703455,1.260541802179655,0.9132191773984712,0.9821564278429341,1.1207963803125287,0.9414471121836929,0.9530516099148089,0.9721881524607215,0.8743186330707635,0.8897083034938024,1.1114655100619832,1.1661079891298802,1.1721331649066213,1.2783759707175628,0.9656518116663411,0.9201138488817712,0.9360998650694708,0.9249411166029791,1.224608973652563,0.9258220167879653,1.0868467491535556,1.0572483588583064,1.2347167848663447,0.9899712980280093,0.9861750235292253,0.8033329247067458,0.8149320048480024,0.7051464343252292,0.908547750876601,1.1191406936476846,0.8363791309552062,0
1.2112760251635806,1.0853144855630223,0.7690337132951828,0.9867260243786115,0.905017789418851,1.1560420049716988,0.9392519373096453,0.9789922634501975,1.3082825136780354,1.044099917087109,0.865020918637194,1.0038636533873275,0.7985222025683771,0.793851621928088,1.0345878256994392,1.1000527396171356,0.8050535213831713,1.1378334912108232,1.2041491149877983,0.7741599706570417,1.1758639519498486,1.006065655015305,1.1168480510715688,1.111533575590026,1.05981993870945,1.048425354848913,1.0334931039305306,0.9720396657420917,0.7972420889929329,1.264521275708577,0.7691031633745968,0.9396069711538326,0.9434894498195084,1.048628168382419,0.9426547250082188,0.7043001686749041,0.7966342394077951,0.9807826040023049,1.0170174636596798,1.015190745089752,0.6223338249479184,1.0379067397197859,1.0922631973869612,1.274228977594062,0.8281875395402254,1.0959779000557055,0.7574343040663496,1.016450616508687,1.2258690919636392,0.8482182085087876,1.1246014951913628,0.8666534640887762,0.7708044178922019,0.9583594758832503,0.9263816050809474,1.0021005518905415,0.9934652103765557,1.054789019709125,1.209421069775623,1.2679688898813548,0.8419273522206228,1.1709378654606315,0.9508501588301878,1.0010126282480942,1.1701721365490174,1.2072496464894389,1.0690069305771377,0.8673612523762871,1.3340289317208722,0.8968333338422436,0.8061440135678567,0.8032959184769866,1.1985629231841148,1.1569681117667527,0.9481219846561035,0.9826376103218416,0.9725763025905667,1.2854454732494258,1.0634837121619312,1.142500564132569,0.8880472416216387,1.1029130579916364,0.7963401937234222,0.8917385509521675,0.9426953617144799,1.0310141187894426,0.897660799147372,0.8774968625182176,0.5896373958810295,0.8639646541669446,0.999704540448952,1.0300835638355959,0.8041648726175612,1.1533415983459077,1.1867208498437298,1.061829266068078,0.8325296728721111,1.2028919446094266,0.9929194476763661,0.9811320406247513,1.1498791654350267,1.141359904418203,0.812452896104749,1.1455290475034094,0.8403850994034503,1.0687033264427022,1.0369483930229668,1.1404553798254573,1.012668019315326,0.6596322362212013,0
1.0628231039911704,0.8379070028284652,1.1685525562678118,1.0317243830207683,0.949750657911907,0.9372015151992763,0.7316311498505306,0.8946836957817498,0.8522144448476123,1.2032683874587762,0.916263877372343,0.8880217440615629,0.9484267922809511,0.8114694180478172,0.8968643953099531,1.3665798293448914,1.2627939820480407,1.2983547882472308,0.9026678176404349,0.9365515817055605,1.0502438475942701,0.9169472813886242,1.2121881247019137,0.9762741198181832,1.1540062522890957,1.3715400223114445,1.1682843469269812,0.900303467837921,1.0443121406520535,1.018580610224947,1.0753248716202286,1.05581894667196,1.090580264081538,1.107375970358222,0.8529626371670781,1.1681378411605872,0.8231002822541069,0.9395873781333199,0.8162630077338398,1.1705741014735032,1.1626159998063457,0.7564130196621672,1.0951674275075611,0.9213518070387029,1.0515088375374821,0.700275071716436,1.1628253098107473,0.9765439780369941,1.1760024198912375,1.098803444153596,0.9510787583922458,1.0908335975124988,0.9666047612318392,1.1287052602839494,1.1086668380043456,1.034945930084584,1.0355957420209365,1.046011788293819,1.0418028010971443,1.0980997421583218,1.0352605260283212,0.9761124122392262,0.8870193231400576,1.1484182633921893,0.8900857497846714,1.1491343395485984,1.1925148670813601,1.0342376714955506,1.0792790769547824,1.1063961658874646,1.1388927458524662,1.276740230078496,1.2783248877997022,0.9502454400845713,0.9361937192471615,0.898400500594786,0.9494699169896849,1.0219960214346853,1.1689498553427742,1.0245599630093607,1.006909871237826,1.0412711728564032,0.8676355183988683,1.197141412219339,1.0274014991121392,0.8589462374679351,0.9789582976624707,1.0026714848260778,0.7174642984414313,1.0834503115644025,1.093669318027549,1.2282130405234764,1.0314428489265641,1.0109035967660884,1.1093269101565606,0.9490539103867089,0.9663489934576881,1.2428535114086754,0.9619015906358961,0.8656647944767195,1.3207240472157837,0.8286185678185811,1.0966409153141659,1.0429707863669258,0.9314881395468199,1.0766222154677219,1.3354295863800774,0.7905038662332897,0.911588509814469,0.9148241239289873,0
0.7590206679130851,0.8173091023950008,1.0264509447697499,0.8691660574879688,1.1082934818195849,1.181928841714105,1.0006475595189186,0.9899564635084707,0.9597980554060913,0.8935308137062405,0.9380311839878088,0.8517419054624585,0.9817551773175247,1.0168684951720381,0.9339840712548622,0.9395521112569849,1.0545691979238425,1.0114537688259413,1.2304277619161006,1.3064069857932492,1.2351378109550746,0.8852213914537395,1.1428207659733318,1.0302242625471616,0.888618183196775,0.8830295758520061,1.0292104611270647,0.8387077116652846,1.3704483100066878,0.8426973092444312,0.9784258898559961,1.1798352831162229,1.3055428795549144,1.144213370016792,1.3730116433266324,0.7096478633592909,0.8988589502285116,1.0323057541507956,0.9654009747682719,1.047044776249919,0.8818226408481489,0.8420335521035534,1.0577305880601147,0.9292295795991161,1.3827705946665054,0.8639736128627924,0.9764988754273283,0.9579025107731102,0.901392306349285,1.1880303647677912,1.3436681328592446,0.7104305562082457,1.0994727643948004,0.7984540997096059,1.279345588641684,0.9307166401029517,1.0492983876171738,0.730725442859331,0.917850845238603,0.9243571669275923,1.1859856250419003,0.9757236161858458,0.8161967758077612,0.8625202312560476,0.8872562250563981,1.2704925678845753,1.0326619976912437,0.8852723431798101,1.1033976947518767,0.8511954547604748,1.0974937874486759,0.8811991298187007,1.0066865996399073,1.114098241420579,1.2193483946418109,1.1153389742934237,1.0994370768171726,1.0111893215671488,1.1799849278773762,0.9268605451000493,0.7112192902170571,1.1500317541053064,1.0084359503128824,1.123051941330892,1.12609158738947,0.8725773268782179,0.8687215008914664,0.8850027813013647,1.242508463857332,0.9647759817065276,1.2060595925283164,0.964738355213792,0.8522546013312066,1.2600978638704032,0.9852858860871894,0.8555316726079355,0.9729262263192691,1.1401780771776928,0.9158616146659052,1.1079683851941622,1.1176925486841878,1.0397480674411665,0.9786397975729981,0.9053241133845126,0.8449634350821269,0.9512298223821313,1.2527110525056573,1.038876758140777,0.8485804402872977,1.0795293475229453,0
0.9121545394734801,1.1524460642644792,1.189751923415254,0.8479481608475377,1.150741947604184,1.0344690896207678,0.945654746357075,0.6896010298079884,1.0728387095795513,1.0358869870467147,1.0808720610203049,0.9944184958760267,1.06437472604519,1.1252417800260612,1.0514406700174954,1.1985308647151596,0.9943808936081463,0.9755124369974054,0.9060691839296765,1.2714971649569504,1.0573895789308587,1.02116556085038,1.2765122610527162,1.31319115880437,0.7402185705815858,0.7035403407709026,0.6330535105070656,0.7872370966296711,1.0140415892361092,1.068471534668511,0.8197895444203926,0.912651242650548,1.1090730305431613,0.977756874572574,0.9084119413444058,1.191863896519912,1.1443059253989147,1.1595641316525773,0.7355382393689698,0.9578818602021906,1.040020607452121,0.9880660931265131,1.2732603288383104,0.9279037074745148,0.9465426268158725,1.0850971757771821,0.942203971308763,1.1060765310262133,0.9213002407484693,1.0550212859644532,1.1067476549108315,0.9755299597917706,0.7160484410000053,0.8639778921075622,0.9632018286817617,0.769892936626764,1.0220344988379775,1.0132098168520929,1.0464281384267153,1.0014334082558287,1.0291553196105616,1.0433764755095793,0.9080166545013455,1.0771101178384783,0.8875440846294373,1.1111375217976498,1.0800952103799124,1.0861180556670713,0.923950972131139,0.9884074058261376,1.018383758281875,1.0361621834212,0.8409520579982173,0.9723153675998157,1.206989362267925,0.9891302105085954,1.0291476388688032,1.0888892769604919,1.181540254771429,0.9975103833528792,1.069834849124382,0.887400517395979,0.6774647216216185,1.2475193047923427,1.1144040691846886,1.3354589156332195,1.056723547098682,1.09661641451804,0.9935944949486849,0.8567625592433106,1.0818164697385064,0.786188031142759,1.019348645146666,1.250091483329461,1.0744323537692029,0.7900715086527669,1.1762272989077647,0.7465390222120958,1.0436278692696317,1.2844799996789453,1.1449109059924985,0.9656872696922544,1.0506094679460292,0.8287930497790758,1.1270572058146275,1.0175109928091715,1.0061986070790012,0.9733578934599689,1.0891058208464934,0.9939166149786927,0
1.045479045192492,0.9058671534831844,0.8297410236949665,0.9685867749921264,0.919377624549624,1.1058389195383416,1.1713074470716496,1.0686470050938823,1.0999759268056155,0.9346100350952603,0.7756600106908828,0.8385388195744095,1.1250732554609197,0.6352524701335647,1.274944376713353,1.0818201777710899,1.1862733236967355,0.82713721563463,0.9306133356823199,1.0771666830566675,0.938032143411141,1.2410612196727686,0.9119098245875468,0.9881847313573813,0.8332862309739193,1.1435438832856128,0.9637407484652154,1.0138855489403917,1.3057980756096432,1.1021005098637358,0.9488333275281162,1.0214294301393527,0.8573192034929766,0.9707752537177483,0.8781840927845286,0.7699610035221436,1.067502937297453,1.0860316723842895,0.9479627587211886,1.1165692129312998,0.7417033931153345,1.142375777357439,1.0001343457891003,1.0335327092704298,0.999960605891797,1.132699703372879,1.0032080362859273,1.0061897585375983,0.9838379870936124,1.0419971723963044,0.8620339114927907,1.0567847521588813,0.8757197030270594,1.0759038224156907,1.0044767618150994,1.0778292741435216,0.8533714492725739,1.0691603907288172,1.1950671622980344,0.982649988442197,1.1536933561016975,0.7354740608802222,0.9808196714449373,1.0153455540390355,0.9060324152695678,1.027904789987359,0.8766462128502449,1.3676593657646883,0.8719929671672383,1.0318691008056813,0.9216430464982162,1.1878442553059807,0.6671618243666187,1.0708252173363868,0.922616735170765,0.9472686973262796,0.9102221307204037,0.9983742655887006,1.1319688670181955,0.8245691698382521,1.0723932932038733,0.9834762120448933,0.8750246828184918,1.3824743465438978,1.2121167681189757,0.9720692096438542,1.0569281475679133,1.096752591780087,0.952528025243276,1.1365560218884694,0.8554672126344145,0.8540139513624154,1.1304128049965505,1.1136014294991299,0.8633879769865327,0.9007144093028827,0.603283976030007,1.1023864030133952,1.048829286299866,0.7998586664740737,0.9201463383707701,1.1191347919247028,0.8230151769985411,0.9167730184556497,1.0003935171931786,0.808415170099858,0.9300123175521904,1.3790171378200389,0.9347253070622985,1.1320355354290381,0
0.9286610046375152,0.9142426390895062,1.0661414779138443,0.8331093983152463,1.0282052277639508,0.9901708312917251,1.1591140373352062,1.1666443317342141,1.094894071179677,0.8355646163948072,1.0523812074959993,1.1820214814618493,0.9061054757850826,1.2519033498520433,0.8670866785937346,1.1369694683165181,1.0222524166950175,0.9209945362359033,1.1580516009101476,1.128287736746264,1.0551799544180849,1.240844265720577,1.1669256452138588,0.8626174148112743,0.9075321300782542,0.8807520689640753,1.0818464927683114,1.035487826366403,1.2403098066446716,1.0601211541815907,1.0843006194285638,0.7441499022162662,1.0856734914151305,1.1627020810323863,0.8771494404866385,1.0364508504736039,0.9564894066531011,1.123370591736776,0.8911628307981733,0.8503351016659084,0.9869359081834463,1.0487024408880763,0.972662554598653,0.998783898156841,1.078344613635647,1.0600454084267599,1.0676581822131153,0.977772420999489,1.068883929569186,1.0207144813249835,1.0023800802743605,1.0190397744473148,0.8049389939101966,0.8255557850193557,1.004049220089855,1.1673888877168799,0.8628050055840868,1.0205534182650178,1.2351009858891653,1.1233523790438864,0.7969852183334992,1.2376088454728404,1.196518616008146,1.0626657207936274,1.1155962781738256,1.0825872877917377,0.926738227243457,0.8933631113512357,0.8273656092363112,0.9040055378974726,0.8866709464646463,1.0785363878145149,1.1973409457394504,1.1645624344409005,1.1897923961971095,0.8759079131941118,1.2132488720693755,1.0033990646240645,1.0571717271313024,1.0103358084679808,0.7338145472138267,1.034611899383195,1.1762584099709688,1.2741612412153787,1.2588054635983994,1.0459315313674422,1.008281829245076,1.079155283566586,0.9279196511987133,1.2050097699947906,0.9251292823183112,0.9965049035986104,1.0465868638253095,0.849680249889464,0.8397975530032752,0.829954401282571,1.088602868637381,1.2080912298641695,0.9175367051950958,1.0275842844367293,0.7956750738773504,1.056307609323942,0.9059256693787718,0.8752286691111836,1.1862642251498219,1.0669106190301363,0.9949728439761851,0.9308404857413857,0.7323750369837474,0.9839132259451858,0
1.0492221971067046,0.9728357499582537,0.9523251730920166,0.9145057796580183,1.06576279169029,1.0320877952616034,0.9169806695903443,1.0448607560670584,1.0364965189507904,0.9998701031457999,0.9629428661283433,1.155777731925936,0.8010514876634701,0.8102285382824216,1.1647937599891165,0.8976902096581985,1.0648265861080353,1.1566667369707797,0.8512279776189967,1.2669898067451801,0.996258243784655,0.7883011248757257,1.0682483614419644,0.9885402880408893,0.768581239141408,1.08063278883253,1.0210569009414732,1.025144714835607,1.0457044822281492,1.030171632294662,0.6736498945552838,0.8167525846789045,0.9863535135648046,0.8234140669409704,1.1987590556846228,0.8384615288128956,1.1169306006290718,0.9830018746750887,1.034191565431997,1.0152663061138474,0.8215836743528039,0.8238530715404115,0.8029753111150826,0.8961066337781967,0.9519756581919387,0.9440810364188381,1.0134793695867383,0.8640542653663473,0.9371896142407379,1.143803322600846,1.1405599326348,1.153507023456505,0.6437086603559063,0.9432837888753872,1.08658962262753,0.8178277931386325,1.1243287565919216,1.113180048517444,0.9619974327966484,1.1369092625286463,1.0041788434338645,1.101414949571631,1.0124129666794845,1.1068549050619334,0.6770971988252107,1.1373491430116938,1.0708454283855007,0.9995760221791409,0.8500724981165231,0.7841193869231692,1.030081750048846,0.9211628506157287,0.9273575598918328,1.1593226693871066,1.0438744840163967,1.025284118113196,1.3170843690919343,0.812952615422001,1.0028885288854819,0.784798392564246,0.9979515604237515,0.9248055494426641,1.0671846012359956,1.2584252104040683,0.9350703713162613,0.8905696415563235,1.0385273230314964,0.8568649704851783,0.8298621057181842,1.127659319204679,0.8605016232233076,0.6854606721431356,1.1437249751846417,1.1317088896287135,0.9125158607772135,1.2959411009272706,0.8827967618004129,0.885344779337032,1.2216411522419104,0.8716984705395725,0.7802147618994147,0.9503188436757527,0.883368933723933,1.021710029547323,1.0018103521504504,1.1264352576621686,0.8508996195368916,0.9301831282341764,1.2636269954699348,0.8262945421159243,0
1.012822106363731,1.0719993205775433,0.8714091621860344,0.9758210266767087,1.0418479548021748,1.1729741174308705,1.2497981509009248,1.1514227940068893,1.0645798733449587,0.8224031379350202,1.1041417526127693,0.8005537295678448,0.8950056123625075,1.0223936035475023,1.0735511888179454,0.9792114788164418,0.9241118109814488,1.025148126913736,1.2277931989297657,1.057380571527058,1.1912936021483997,1.1079893556753053,0.9754290972165263,0.7575883776431963,1.1074064136308073,0.7940206913435341,1.3178545631223113,1.0607616676562566,0.929965395701178,1.119191091425438,1.0946256662309906,1.192815664221767,0.9408380049055329,0.9298613571068892,1.0207541897385162,1.170987201509611,0.8119060813102482,0.7505191643497908,1.0305491557495652,0.7780742136765113,0.873489196906528,1.0553009894818537,1.2654527724223925,1.011222276281524,0.780792105220764,0.9901332549438545,0.9123504356455437,1.1468915953528145,0.981376528703962,0.9795190561172631,1.1843053935437657,1.0217913051005942,1.0383310135872859,1.2331244296426433,1.0899231735195296,0.857607070433774,0.9460743080137691,0.9596008651767708,0.7925530688533053,1.1775994371111296,0.996449699459619,1.3124432477430907,0.9224862409973952,0.83261664721052,1.0257152080426781,0.6563392254147629,1.0027385681977086,0.87162214513491,0.7797348794684901,0.7712458050025042,1.008292651318687,0.8404696183901068,1.0906113229143801,1.1375015921814706,1.1008810185020828,1.0655579949539844,1.0400177302113045,1.0871784121422747,1.0602931152685175,0.7977221400991532,0.9064225401124145,1.0521960633590692,1.1288035613846765,0.9015195585713408,1.190890888188883,1.0739512208624629,1.034117974361143,0.9998293125862868,0.6959390965778038,0.9879688069851449,1.0344277182605872,0.8182830415862854,0.9625766973674781,1.2253345488992111,1.1309042924338748,1.1028450586758882,1.123402151106346,0.9878593780871444,1.0406102013486456,1.0745258262085213,1.006773095369881,0.9204241294691532,0.8111772341599061,0.8111027610415565,1.041739427992266,0.8313262346925318,0.954940496365714,0.7054087050400337,0.975396516617447,0.86882873974558,0
1.1153833069512535,0.9785625614851602,1.2671736481779956,1.0165253548286897,1.1443180131407131,1.035733413471665,1.071980312582413,0.8613271913333502,1.0196199943553752,1.1476289780656594,0.9795786029843188,1.0141703217518283,0.6519639274999779,1.132544720696856,0.8846503539103585,0.9216526664231259,0.9237382741636684,1.1168951697414682,1.0370133791695144,0.8983204271221015,0.8864101042651057,1.2144569882993796,1.1179893364300688,0.9978684396644305,0.9264474887362308,0.822088843384391,1.0823739786729178,1.0827600059776699,1.014745215407878,1.0149053922106483,1.0625311741715813,0.8245454772656015,1.2436484980095173,0.7606421827254914,0.7775757404861805,1.0057890561737093,1.186759978580598,1.1996915373697508,0.9745329996106441,1.1465779732131698,0.8692404840564326,0.8094498084225213,0.7137775397229467,1.2208758180165502,1.0085277286965368,1.0363953246500968,1.0198732121645881,1.0176458188151531,0.9544325662402342,0.8404772731581502,0.9691155801112552,1.1265932288869205,1.1505316908076793,1.2074975769931398,0.873687641989826,1.128072530435177,0.6092131062952659,0.8891648086419145,0.8397872957277528,0.9451933503615217,1.1268598162683023,1.0163138730664012,0.8038260382132058,1.0424864451109725,0.8476193143623761,1.2218487547969334,1.2704104031242165,0.9350658837147412,0.8257863257984601,0.9682406218419639,1.2339203299852934,1.1117464123134069,0.9183138653796462,0.861979922187058,0.7962877601283962,0.9407209040320347,1.1242516994301421,1.0507779465381362,0.8048341974877762,1.0301910391921434,1.0830546392131937,0.9899671186339497,1.099694560841191,1.1130448397781052,0.9168624687959943,1.2243408297049239,0.8287156547965886,1.0117826583270202,1.2394923963598836,0.9567898109909317,0.8183927678532193,0.9691674138464548,0.865918338383358,0.7186776185263264,0.9653084409512672,0.8398931022473423,0.8690972827193729,1.1730999761379413,0.9037872197229286,0.7383032643355745,0.9700083013959133,1.2180397564781216,0.8854076635221008,0.9355292347535356,1.0988354440625052,0.9210350770795508,1.0794715076472685,1.1623522096460022,0.9407091063964625,1.3698909795543586,0
-0.055648482441926925,2.0457528668281224,1.1767910429323136,1.0106219506008658,-1.2520987424414962,1.418937347983724,1.3798006905766205,-0.09413983278492755,1.5271118322173722,1.2611426186873083,1.4422278607691494,-0.3118629926862644,-0.28264278223371897,0.2763653585744842,0.8475753803624287,1.9756994759902025,0.7906735052922326,1.335553077948405,2.1975925551453015,0.7068765790831478,0.637708145307785,2.4437941921346233,2.689063649316321,1.7524291141438557,1.1627697871980283,1.505011821834201,1.2995472023746821,0.18066105459292514,-0.04687987547754002,0.8914366469828977,0.9961428816356319,2.210689118324814,0.9770822304563556,0.6159580239739573,1.2535585167782686,0.1689640067303923,0.2741479654157398,1.3118547877289675,1.2681688483486275,1.2308900212164413,0.5548629887218066,-0.5941200704994428,-0.14176056766619544,2.5745297031447483,1.1552902804696468,0.642755802599363,0.6825857632461005,1.1347918672910287,1.5315763917830567,1.5204674038620467,0.9688588109047191,0.9018292167385935,2.2037302085137007,2.2243018336981537,2.723778170141732,0.5920536715805971,0.6886921890831113,0.8673002462776533,2.048861206732987,0.796973949078219,0.10580524483503924,0.6098921053992156,0.5342209859106809,0.35497228169369716,0.5351936160741362,0.7700564314780671,1.188786683092739,1.9682041739978988,0.7889912171140951,1.900712120080954,0.6473787507650267,0.7155904955034125,-0.23043389192854516,0.5867381892283359,1.5085841185378817,1.1175144699622246,0.7984271184692259,0.9343722594496593,0.5049937718279943,1.8315719712462721,1.0555857779787172,1.436955939907424,0.8472557201150871,1.9570596083808778,0.3133080916654963,1.4781549821234756,2.0022523856490864,1.354915527308655,0.6317983039025054,-0.08312763505248179,0.6325117805812542,0.846092546717056,2.3889688427472526,0.3038927411173558,0.18223254486011545,0.0023395318920681196,-0.29800407261198725,1.0291886114081812,-0.7495172753052247,1.9049873859078506,2.1103946597864813,1.0762382197241884,-0.20329128059400725,0.6711103901788399,0.4882340908054291,2.8051340208349793,0.7452334310802551,0.37489974058853304,2.244682408498166,1.5360886402967242,1
0.02236951909577467,2.2097807630929873,1.2190972603055505,1.0842989427394905,-1.1475380711662986,1.183126121007173,1.0548924784020897,0.2623402263104072,1.1266765649017467,1.4080254281698026,1.1844695833004746,-0.17223453247224627,-0.5189214161533264,0.08578915218028832,0.9094847958951214,1.504728961084528,0.870339848794591,1.4515705867491,1.8708323402813816,1.028121417534005,1.0905169082969142,1.9014418555431312,2.3765028658977845,1.3027210881591398,0.7880514048456557,1.6047862473050545,1.4265606667406279,0.319920195001009,-0.19159628359022637,0.98319874499458,0.02142339896349932,2.0687378713202995,0.9495419689637645,0.7232237861288976,1.2977939165394006,0.4675791799433764,0.540472053768269,1.5846090468150649,1.2843329746626002,1.5701242569075406,0.5780169080005059,0.07801530743896457,-0.18929898879922957,2.7680869929455367,0.9154769931449831,0.7937699258699447,0.48172592040061646,0.642718969649224,1.3057158015291914,1.4051464812717025,0.9047729029388375,1.3141817784814542,2.074334002245281,1.9044417502241164,2.3400026601149735,1.0665738034651782,0.3716358919931093,0.4820645438659448,2.193048256311657,0.30762147502684545,0.30854816589073103,0.8540760673928981,0.4536644145117184,0.28632499043175086,0.6088340265733487,0.9798514635599551,1.2455017121369698,1.608110575909724,0.7066834653128531,1.310383226661757,0.7326465292956443,0.7745703005300801,-0.0296758477100115,0.5656714733001726,1.474030077115073,1.261705432756447,0.9165507351251477,1.4944964029493732,0.6980377431658393,2.082531117790001,1.3266192041165548,1.0758383085039462,0.7935938559827947,1.7609569136739294,0.4399587502981894,1.0283636943630556,2.0505780543557584,1.757561272753832,0.27384444036449807,-0.47236252933542533,0.7774757825005466,0.7017782785783954,2.2729686186086964,0.271516689237388,0.19944416046529223,-0.08791558348758233,-0.23481518566077558,0.9929064087297993,-0.23348349412700642,1.7845678505064193,2.1551345994145503,0.7251577394494386,-0.2547750787365743,0.5607401783483584,0.6399619983826703,2.425024684052467,0.7458143611380725,0.4129588482742893,2.4026894680014874,1.5514743830220232,1
-0.1268764342405836,1.8716587583400008,0.9749749612870138,1.2001801454408016,-1.2154159930431874,1.2969384367429153,1.2924826517037744,0.045454936684698466,1.6718438646150366,1.438317957140213,1.637494618496156,-0.3420313018009847,-0.5042462513206795,0.4649373529186973,1.1496239494659515,2.0582497603138545,0.8530834525087881,1.0825686957603775,1.653587817881726,0.6751139681453794,1.3115523117164307,2.186405683902287,2.436846056084016,1.7589497803376621,0.5649602291692097,1.3706788810842458,1.1614526352009444,0.32719866173867823,-0.2921928243108032,1.0532474545062886,0.5481437356912296,2.1339986387489214,0.6316538867146173,0.48735627329857717,1.2556749982365762,0.3019044222223715,0.25896761647334193,1.6661865241646592,1.2358064256381447,1.340672623789359,0.17322015211511155,-0.10020160120858022,-0.12120189803921361,2.394080481627396,0.4903685154761284,0.6834787398106837,0.6410228491917205,0.8650683377002414,1.2251861831671906,1.6598116464826873,1.0959099709725055,0.8557480501373258,2.432431545504822,1.932849084402175,2.512086594960104,1.1222400755560147,0.6162218044907763,0.13883520884294037,2.1641838898672567,0.6771075586695435,0.1543035075216963,1.0144164479635518,0.24415616244135052,0.7293811142623623,0.5700835285571302,1.29346417356721,0.8188313002175258,1.9012188735387188,0.7662577426567155,2.15218803651817,0.2540410763582999,0.8297287116286611,-0.028863700507027468,0.9335928266564997,1.4594694647401845,1.731139794096669,0.7599124661264657,1.2436437053630838,0.6513771506629694,2.111205225656189,1.3392405283027395,1.058505397283398,0.5846273887424874,2.804921301079526,0.6587126065163533,1.4283443141077192,1.7494177779607032,1.6176055952695827,0.28613052320378196,-0.007182579196783834,0.9404144183327297,0.9370892429858435,2.2002202351837568,0.32094850934685015,0.11913847130966379,0.2716467373335928,-0.41789154936567285,0.8021436672565018,-0.11628585336283684,1.8303911196343188,2.1707083694648968,0.8114475251362002,-0.16082987995522582,0.8148575905662955,0.5145926038622791,2.7842838578388203,1.0347411979727155,0.38206430189236174,2.3804224336200726,1.3439990779476627,1
0.04279767459238326,2.2692413518842396,1.0755347090114338,1.0643918949151545,-1.2547229665169535,1.3306318280797038,1.1323216176361606,0.39599186902967476,2.1378812961216545,1.2729190116961528,1.6321678234316146,-0.5020773664725708,-0.7368952553209822,0.28711879833374504,1.0084055852644767,1.4111364878910053,0.40434759792091923,1.545929765372539,1.9389665364212454,0.7606827228520694,0.9819034678279037,2.045898799137397,2.140526026581038,1.7359925170059283,0.8005308824515835,1.4059812152392408,1.3313046444394567,-0.052418051797475496,0.018015750315989926,0.8176175201835028,0.7462417179890485,2.293546380771946,0.8523204310480704,0.9653165441585293,1.378346651082056,0.4113779181360856,0.16105997380183912,1.7708742812765292,0.7646991949295366,1.1125805745101172,0.46411029828760086,-0.07904915021372202,-0.21719956155073242,2.3794960953586375,0.778107608501947,0.3355151899431495,0.5059963161003329,0.7429893811978012,1.2243961586639984,1.62855370779574,0.7703547403658122,0.758572418399277,2.452070194634027,2.0828905780426936,2.7784866208098484,1.0522608214399696,0.9470615878024238,0.4590430587571654,2.6042560067198615,0.7340887476737947,-0.24881359989204965,0.799125753009155,0.2533049767054981,0.7016474413740722,0.9939117260339576,1.3003412826018166,1.2228348297132516,1.7870411308364302,0.4133998907467119,1.836630801256687,0.9097292956314655,0.7509212795599746,0.05393885199161874,0.5221366508922489,1.832335128074733,1.3272852438115863,0.8115258492447829,1.5548291594654637,0.8420601458128367,2.1554776832050475,1.1245616178590647,1.0814228478542294,0.452460413398225,2.2068028556185237,0.4730706475246748,1.140557920090284,1.6234904886337471,1.6834807570251378,0.3122629486662357,-0.09036103196075454,0.6550984837232069,0.7015121435712097,1.9329720928272591,0.37592096498336797,0.44585133316254605,0.37973046403191085,-0.5148870497619507,0.9122716209508486,-0.5151477425870552,1.726849932187578,1.7845642278232143,0.8117089069230154,-0.4134235426486939,0.3740884248874195,0.27036569148159234,2.2792125340856555,0.5544240667907704,0.4098650583372428,2.5208819563940894,1.5580822064945419,1
0.2932052654758982,2.265412944632685,1.3194383874841706,1.059902677481488,-0.9662780177634508,1.4000301021309616,1.0621234298958344,-0.07557565726495974,1.3287638571540394,1.4878883144189199,1.7990679025833756,-0.16141767715662783,-0.7875237271168354,0.6819958759945056,0.7666256752346929,1.8369083178045504,0.9881455864297634,1.1939003174093743,1.7201667021546256,1.0161270007195338,1.2700294941975903,2.458299727368007,2.552081086165091,1.6273417549657576,0.7902816818287526,1.3788251999723284,1.5379363120379537,0.0994872461518374,-0.06553995049532818,0.8100029226914225,0.38659841586744437,2.5431514701567863,0.5795137251761311,0.3697021675847998,1.3464079987956528,0.11499393187169446,0.3988822846569972,1.6927332964509338,1.0982491120691358,1.5454743099593957,0.6384838104114803,-0.13303475217945693,-0.4490356127206785,2.6853843807934235,0.4376545978735583,0.6154444439867665,0.8664214258905283,0.7347655565218111,1.6719013949728192,1.582874827128077,1.0343316883856792,0.9856882773989231,2.24291417497458,2.076459793689472,2.9827706789541453,0.871248562606888,0.7169517243077119,0.1975295374963406,2.1889056532711146,1.2556584537527207,0.4796256047894487,1.1311352599227975,0.2943153882248807,0.38285092525778824,0.7841408583138736,0.8080882020156994,1.234392480545096,1.5684818964748128,0.6591442339777313,1.657410095510746,0.46326717536098583,0.9056909690508407,-0.5043130614492461,0.7004175760139294,1.877399015996413,1.2862233074691907,0.7763740265303699,1.3480014967657157,1.0542162590959947,1.966280274435907,1.2539371998204607,1.2059275823864835,0.6086068481864818,2.4841353232228247,0.1368987187988868,1.238417678418837,2.0600059646839943,1.5043704661573178,0.46767569846903356,-0.0070339542085028905,0.6720072863187847,0.8782238330031279,1.947327615314133,0.5331678093129559,0.2568340308639127,0.15591830848395458,-0.14290199370861076,0.9712956410818683,0.050923639767913254,1.5710765693133848,2.048306562497234,1.1420531526691051,-0.5644189097524898,1.2192609197377302,0.326169897047745,2.269814845580005,1.0599867369209477,0.6044666784287648,2.296064895992086,1.3002889733811855,1
-0.17289759858812567,2.2181689113103253,0.8627575448045298,0.9855320420737285,-1.4252723782603747,1.7151645078590314,1.348859691848843,0.20868003595803794,1.6384539226626427,1.7152442607087832,1.738300855199624,-0.3205757397293963,-0.3484443838378972,0.12829887237482146,0.9343745813030833,1.9259117172364713,0.693847003707059,1.676888171138546,1.8951294092889786,1.140486958911703,1.0696223462992849,1.9934204858315543,2.583525459522436,1.6477946443159983,0.8548727243624403,1.1455190756001696,1.5102511456023249,0.014817714217597339,-0.3328261100808091,1.138543043781755,0.4992931924561684,1.8531545916154473,1.3282155609807458,1.066728420741594,1.6224740306255585,0.7764348669932883,0.21026923556440383,1.7177583944697912,0.8170878783256661,1.9429384027170913,0.3697803773168025,-0.7591916065499998,-0.41174884290528435,2.863705823445405,0.5681119892215236,0.8212831387200619,0.72174836876528,0.7463089623857607,1.2144168978288128,1.2785541778532965,1.1237747767560733,0.7907448962801857,2.3627653249933767,1.7134150496021152,2.619980592606854,0.9304077332797105,0.7542732941887025,0.21954947503546846,1.7972728414370533,0.5130736589100093,0.22339989277694658,1.1204879402300265,0.2730311406007495,0.2866483261652769,0.736559940918652,0.6081574084454979,1.054988596302838,1.642632929101782,0.6659983296335067,1.6841670984653052,0.7375911548786075,0.7868736652682629,-0.3254963454036489,0.9090128878649841,1.9266508915083493,1.3731189808615718,0.8725460632501203,1.4835252009949955,1.0972466107969603,1.9037453798754143,1.105324905917228,1.2472236675229957,0.7070872033685005,1.8455492731250458,0.6027616969257314,1.2680265125876018,2.206098840690215,1.8728636194050252,0.034199231044881095,-0.001155179139046364,1.0232845335079315,0.6985100553720252,2.0567823507195095,0.5990241993966545,-0.002206211333799224,0.18217499378473356,0.20488647224711676,0.8410759040875996,-0.4749011232957012,1.8141169900563916,2.287769451851471,0.8256438444500214,-0.5133533852980252,0.668021994165271,0.5471709389724682,2.432977013247663,1.177437186724225,0.9271626564567119,2.661901567824071,1.4867528657595392,1
0.05160334885386875,2.6326795626929163,0.9113550381883185,1.2115353182539377,-1.095687414630812,1.0916381743902996,1.226673420352768,0.05412670075604065,1.7555671023979214,1.3520741217942223,1.3210002568214234,-0.12588799873443363,-0.498131814036254,0.10529858595184308,1.1227332144964388,1.5854630410820387,0.5842106010340975,1.742544199106656,1.63519414417381,0.9977649152214798,1.2065516531659903,2.5898966858286294,2.2374140663962647,1.403298123465408,0.8488525520423745,1.0561636044849294,1.5814843542412755,0.5179280540271769,-0.22520978584724746,1.1563192850062314,0.2890640325015559,2.361298747261616,0.7454957591931696,0.8672296307418147,1.0821708490291904,0.2176431464598594,0.6711812955164806,2.125788499328181,1.3268118918018212,1.4754194900592177,0.2086013414706179,-0.3062078698563613,-0.5548047885867602,2.5716853433666564,0.8359942783360818,0.7425216252666393,0.7380817955817398,0.685812502305728,1.336205580698399,1.4290709483540354,1.335673192198273,1.1701892910560527,1.978064951274832,1.9140440768592069,2.574746858781694,0.736316957741515,0.7085281395679097,0.5652736841820049,1.9415960126268554,0.7864864275832505,0.0024504032246467355,0.7112651881188535,0.20465784858545255,0.676247621016036,0.7067777251062434,1.5025098361947693,1.3006751041453113,1.927715807227056,0.8261668627516194,1.3675123939005038,0.38992667973637485,0.6919958572419386,0.26825674673067723,1.0286423536065747,1.865939825819743,1.2969594819147656,0.7922967622325724,1.4110742064062654,0.5821762873805814,2.132533512758093,1.0672766268535334,1.3514876280856478,0.7098098282130411,1.98926404743847,0.44245040052607165,1.4832511549395255,1.9808882083299713,1.953854096262555,0.47657113257626127,-0.5640818072484055,0.7807916696241874,0.9366872940160043,2.5449747687475432,0.24654540268151842,0.67186333621716,-0.26239902647676894,-0.5099083066300426,0.8270514316768172,-0.10626673095405836,1.7468949678849577,2.4265958603653317,1.161441876182887,-0.10661016935336176,0.8182906919196474,0.18210771886835453,2.2578053847440844,0.7510381776177544,0.4543414120866355,2.3212562016099816,1.4177235540933806,1
0.14509058388058016,2.3349014028221493,0.816306936741741,0.9800280219059083,-1.1805656803313638,1.5266446119953079,1.2347143866926635,0.38295309890804113,1.7615710759558825,1.4048792425921737,1.9268055068633927,-0.3034569170151302,-0.7058000392718937,0.2641384285062149,0.9604174268017455,1.7063524619463082,0.34137927022591946,1.4837183664218667,1.8962301101428078,0.9255598256084334,1.1079846836852238,2.52395243937183,2.372615435630612,1.7707342404822397,0.5595020298198443,0.9196142745683069,1.2636144338016895,-0.09428467675517135,-0.41826441636483425,0.8761647723872918,0.413487098538558,2.3722192020157933,1.1202653417062025,0.7285984426129264,1.5355597477244476,0.17576342447433657,0.23779362170381702,1.7145946864795574,0.4008227710672966,1.314424654618797,-0.033498881376189116,-0.0059073457916423155,-0.5139912424775402,2.580916794084464,0.7109123499495268,0.6754748117025611,0.5515963699369615,0.9000651327399556,1.586717158964185,1.7574258015129942,0.5556257706365679,0.6936366837774081,2.3234858871908965,1.7030776661341387,2.523077606232799,0.918587970165447,0.8766807165333854,0.7217707616946397,2.247954642194345,0.5882409853515247,0.2727063322585365,0.810585883688215,0.6210364711900964,0.48739223047281616,0.9579970748677646,0.7999126023721783,1.2911638440148345,1.732693942084265,0.40771231722829854,1.76438767139365,0.50829852016206,0.8396153608842297,0.1265285857700057,0.7569999415114359,1.4188406000145772,1.6902090400015677,0.43163797766695466,1.0097864369221035,0.9122396174705528,2.110090859543432,1.1820977381421034,1.2956505064820607,0.9095304893804083,2.217715960915203,0.6669739782538746,1.2268705127198516,1.8782286541084523,1.87345346042425,0.10194697153657384,-0.09509491170792436,0.8956806104589619,0.7249109962288672,2.546883749648693,0.2499984154334902,0.15106935403920416,0.42463669951768823,-0.08904438377612534,1.2305641788014468,-0.19471247666596808,1.7960042911362797,2.323965328713493,1.1466365736148556,-0.36763162080999645,0.9459499082290131,0.25892633755532907,2.8897623711172695,0.9460399137074987,0.47277807394155624,2.3205720457375434,1.1888121208431688,1
-0.3533079473921461,1.9207428281015524,1.2764264832467271,1.2784246338907532,-0.7748695305017506,1.3390009192553933,0.8224900276674705,0.35624786049482277,1.7299602729160348,1.5154346635711788,1.368052696092357,-0.43873687427637753,-0.46620663069539814,0.1803924682386382,1.156069933944778,1.6816361066996695,0.6776944709731055,1.1994464310277413,2.1373529774614126,0.769352315235691,0.684069057405041,2.1919138698404224,2.1958854983691602,1.4837576219155744,1.370332072355616,0.9624031392049621,1.2714436771044784,0.18333214307407963,-0.15180637642666195,0.9957401225851602,0.41912976796096313,2.017354000114758,1.313019459006388,0.7832138449052461,1.225599344779687,0.2985524038299004,0.14615777192341978,1.9090536301109904,0.8284130936518503,1.5805361235214996,0.2486944729649352,0.23683069892253406,-0.11909899381303557,2.5762744170833525,0.2545681859602094,1.047250787961467,0.9659319489573843,0.536666912294914,1.5420156186204024,1.1503259861299266,0.8667774020368455,0.8441706280837173,2.251292373939076,1.9178408601703434,2.4363631993384973,0.48274236510542445,1.0595555464683353,0.4348713745766609,1.898908057932747,0.5555968322439383,0.3691067161342467,0.7075017168356785,0.6435841055433047,-0.03673981999891707,0.6507385707955061,0.7119095403597193,1.2251755501613386,1.5730893927117937,1.044366652512387,1.646244805280168,1.2607251233410914,0.8925374745989514,-0.1808387860678339,0.9598269969766083,1.5242539324014714,1.1640663548043229,0.9608538405701958,0.9323369294703009,0.6872227252737982,1.8319174096923734,1.140940081494866,0.8559013355222197,1.100177039739042,2.075156862470295,0.3600057281785869,1.137503790121211,1.7105203960755757,1.957120834113969,0.798991754006831,-0.23556624862225506,0.7539036868710189,0.94778427276198,2.5319834601528637,0.4486609556350233,0.2643909548853923,0.3755714956337364,-0.4543470727861136,0.9663141347102424,-0.3057906391409302,2.0259035920437976,1.95707516360533,1.0143843782097135,-0.3113684551085318,0.5612025849092603,0.28907322037900496,2.481685595710752,0.6025360120002967,0.5639798589904699,2.3121559609767965,1.0128528227439868,1
-0.23201857027151856,2.1615312458460276,0.9037406160228819,1.3066784512349825,-1.315086476796456,1.3973873035175184,1.0979452365980091,0.3235510854951639,1.7713835602368149,1.82578787099939,1.5056081892130204,-0.13977932698658396,-0.26913284402640225,0.3134304340009634,0.5666317653866866,1.4128367488331306,0.8384195781068986,1.572404049729366,2.2552224204475007,1.2006329304148347,1.016963283517114,2.4686582026936303,2.7334519706829266,1.6509243291662439,0.8674236131248068,1.0385675752296535,1.0827210794711581,0.12311453350660333,-0.20543984298351503,0.5533837774251278,0.5093713807198531,2.037526939322568,1.246126464309289,0.6140632291466949,1.611222784118867,0.2324577335626713,0.314684192495137,1.5128636100334973,1.2294784258186486,1.8357802655950455,0.7414359412367966,-0.07809881083014708,-0.48763605387242986,2.416643104911567,0.8167661737548779,0.8629806161046569,0.7147133807246973,0.5865066241627821,1.3503454798687426,1.1408102181778854,0.9092259590669539,0.818503477400467,2.544782694735353,1.8661849545726925,2.2109379968697422,1.097017152718901,0.6157421840428655,0.15287642849579364,1.991907057613457,0.9668269261871293,0.07050251919401924,0.9588364339304034,0.4419676747887418,0.6852607722265394,0.5663446444770686,0.8121350956802245,1.3808391551288057,1.5647545496156468,0.6363612487595169,1.6754706998590718,0.8327828510282824,1.0959160303664206,0.01884644558212059,0.7880160261280443,1.2584012990223807,1.1094416091382566,0.8707387311050636,0.8140415250533122,0.4806277565340806,1.739080105464055,1.2223956117619121,1.6885501158374994,0.558797822057134,2.1825934790592383,0.47918357575312753,1.1463703332668238,1.7087116330879961,2.0813660776728535,0.596690296301402,-0.2226235345375916,0.5916464894316392,1.4177132176033829,2.596378432850037,0.8023934259421898,0.48553683193290387,0.25031316479395105,0.07147935000897726,0.7791116874681951,-0.28848713213829213,1.8247680933400856,1.5864363051043766,0.7955228049229709,-0.43594417500654625,0.7711900451601252,0.011591764891527856,2.4650850074830406,0.8663297919260476,0.8180053458407422,2.2437459023972526,1.6502496095947627,1
-0.029866944821950167,2.7336148939878493,1.0482906009854327,1.3028234025979697,-1.4822686255106379,1.4066298905337526,1.1128818123005,0.39881215423887484,1.2442111065299368,0.7559036956448749,1.6163448498213862,-0.22310401083464035,-0.3478512593444856,0.38436501078192004,0.9958595608402244,2.0600540218285706,0.9415683866155338,1.325733377362825,1.6967726764154716,1.026339502695006,0.7330777772332382,2.3083216396878647,2.344631841850995,1.4598976608739993,0.7753836190953193,1.3125921958844966,1.481500059572242,0.23958224846262216,-0.17769978237696854,0.9681675051704467,0.3291811969327889,2.129728828833624,1.14109573580883,0.30795465508108144,1.2758492778535513,0.45037891037174305,0.5925109381658946,1.630529750910044,1.1985125378320416,1.5021288936374124,0.3210293555214421,-0.13552680105190087,-0.5079533659932037,2.3442280091176952,0.6290778815879777,0.6373366602681133,0.46254932669444215,0.7660735914491696,1.488625688032885,1.7710226188694493,0.9382097431570524,1.0459169302689773,2.292146759206442,1.8991526106956214,2.505715928442503,1.1685048074808755,0.7507135333370842,0.6278747220871262,2.2132208208052386,0.6295028401981999,0.20131449300696846,0.8074302139966958,-0.0045001260770965446,0.08795263989133162,0.5960457784080527,0.6360908577491514,1.3341601355872243,1.5374621246029867,1.162871751619531,2.1203624832678774,0.7193398306251695,0.7257624494045638,-0.07547258522245556,0.7311453622755093,1.386171877741459,1.3869148239557418,0.7512390009481625,1.168145761564585,0.7535537225639134,2.0533619873603213,1.0694548818994007,1.473147213936276,0.6800450277319567,2.13193098444578,0.32388442701238646,1.2759425461578864,1.7217403729365781,1.8833129869276297,0.4449231937977013,0.08017572710173512,0.7071934701930425,0.673240638783877,2.557822878081252,0.16562347561102905,0.09519889938612641,0.21490686649322477,-0.010003113894672067,0.9791243934500423,-0.41000069012561036,2.259595134173721,2.345258772015625,0.6797705561904532,-0.5476320937769237,0.5905459325022723,0.4112027720507733,2.911812658287202,0.8343884143590432,0.8546795679360801,2.4370449963120806,1.8649548849784943,1
0.25450421532140255,1.9530517723646728,0.9588375632995431,0.9437379786311794,-1.5806119531831528,1.4949109420314504,1.2732101808454084,0.03375253014837065,1.5640844225360944,1.2077892425746717,1.3883497542579786,-0.46563480302378824,-0.6091000496279104,0.542189440144624,1.4736775920610663,2.2107840902117255,0.5736561015294057,1.461137437370554,1.7400926739350437,0.5274882804516228,1.0786951044140127,2.1107807016059175,2.6324991054098077,1.3005607671041215,1.0829950262131767,1.5556864502443455,0.8893706869971016,-0.048944900318401485,-0.4562230883051561,1.0337456674764476,0.6444280271492175,2.37318416797839,0.7866420206222975,0.8511330019844572,1.2401586365296173,0.22032825012018795,0.19785124416093036,1.606337597538513,1.0586570377904296,1.4500752657685991,0.545015185019935,-0.02890890918120015,-0.3710209297874635,2.6599295167512897,0.7271063606932179,0.5278007887722861,0.8643080661332504,0.5731663744566085,1.6006849114844128,1.4625631541929982,0.7243819460166363,1.0370051414007153,2.416847298449591,1.8468225897716695,2.653171249214024,0.5960152015694556,0.9180204833507315,0.48136682401510017,1.895143416829258,0.7528134806111579,0.18155883654316918,0.6819683823674144,0.5123413398363287,0.3419135371500368,0.7189552119722902,0.5837883190463706,1.1015853073488393,2.0619447244364375,0.6352213034347661,1.9233172214214445,0.5183479635454765,0.9466300262875774,-0.14059356211777904,0.7040959942884687,1.76920211579395,1.2064838241703253,0.5282172637405002,1.5468299304162836,0.5207213823288199,1.6705385680977924,1.1374654758629565,1.0046540540038744,0.47165007249428537,2.3084041532503847,0.38268243521375844,1.73061521035579,1.8428244532681286,1.7067373136723023,0.25945473806421704,0.20392913537344282,0.6073024813476455,0.5764579712170776,2.357164487124686,0.3425439310944803,0.17596740214144016,0.16188330876361448,-0.2197428989028439,1.2211497695486042,-0.3564666092584513,1.8630838547959319,1.65310332690234,0.9188089066121169,-0.22476192788983126,0.6809374264910499,0.6260276853952661,2.8111990282302433,0.7636515515567511,0.6802681154656506,2.815449488738601,1.7651314180839417,1
-0.15722959810453946,2.140830967383896,1.275694572058172,1.2244740650714057,-1.2563195887217233,1.1836975912416179,1.210242546141873,0.15389649455094243,1.7509397931572248,1.5375555274811605,1.3084065888057672,-0.3228721496451502,-0.8804909921352386,0.6246398615659504,0.8628537657960695,1.8515258411057585,0.6585836360328267,1.2350037689986928,2.0680767215892573,0.7597279276233406,0.98850586426623,2.366608840697771,2.159093233005649,1.7863223150231284,0.934713911595214,1.3943122297728237,1.4528816673736409,0.26128404428133584,-0.12664262972767232,1.108213488119054,0.25455994209576027,2.383707353391119,0.9972233552346946,0.7220869229604332,1.4490377287722973,0.5055322625213632,0.4022176425617295,1.8874209267970765,0.9754234265678179,1.5868449720719462,0.5796964196797783,-0.41043422925472406,-0.5893636371213411,2.560596982937635,0.7028234038841343,0.5981850506233976,0.6008487845420567,0.4942241954250064,1.463217357056796,1.165893075962681,0.9389472456065219,1.0737255867700959,2.481384394217144,2.042789958765862,2.722852683176972,1.312281863253966,0.7408776636040076,0.41983365092213143,2.3039798380720615,0.7499606076050215,0.043271750673606973,1.0678668587334277,0.37400615091990613,0.25728670279015387,0.8728083062738762,0.9126719214585213,0.9050250701694015,1.9039567245911329,0.39686129418255484,1.8898523393569102,0.911389129131069,0.7978918946109034,-0.24485065999918756,1.065709607383721,1.4664328489837632,1.3952611435783542,0.8749394450301675,0.928980319306874,0.8891584960893517,1.7976791633933467,1.3511366804352627,1.2291524540543275,0.6620259255922603,1.8557911761092887,0.30493020061506887,1.3441720668254813,2.1269350906048934,1.9628280577315274,0.49104380428208005,-0.32182856581032127,0.8639796201307517,0.9138911882298157,2.446867935084073,0.10490004063920338,0.4022894030810625,0.17660055333842917,0.386294931386977,0.728997659707791,-0.35453919329416494,1.9779216038205611,2.0669555413774385,0.960072886496078,-0.268941475055875,0.4079828284934018,0.5301662159168458,2.8209731299583765,0.8630935917444035,0.629862804299727,2.026433007486386,1.450111574685232,1
-0.4359264190624354,2.4337669642582567,0.9954051095384123,1.038962158686897,-1.1768225832656085,1.3738788712744137,0.8136913891294562,0.3287405218895593,1.7779092686654645,0.9128027432702244,1.4798059912230355,-0.5973852088151276,-0.8939935344161727,0.4706543114252417,0.8052467267206153,1.9275472040664712,0.9049219322758761,1.5186266019259256,1.8029045601098723,0.9666970823410986,1.1833459116438056,2.4060227297868475,2.093798451801185,1.386865023571481,1.1346002701500129,1.122818668042619,1.397061098371628,0.36287970895010924,-0.1397940452204151,0.9078456605231736,0.44843211097452995,2.1246919053066846,0.9260065641007026,0.6485131009436459,1.5622868173346447,0.3218032609189081,-0.15154026642449148,1.8082583033939603,1.0215877977166685,1.6070500013366087,0.43053264761414956,-0.12812315265909996,-0.590269123284169,2.1944263943274986,0.5074486536895735,0.7354542844243457,0.7021164646720408,0.7415059245892603,1.5181168249176644,1.414706641265259,1.2195520796917059,0.949406592908584,2.4791804785491003,2.0069493935010323,2.88875904838189,1.4632853986584375,0.4218645231518079,0.4804985910189989,1.8565873072126657,0.814353617164935,0.1592433662664042,0.6907010857997906,0.5662272636134734,0.7542885880264785,0.8540063243212737,0.9685503546636148,1.4631994643884731,1.6702784005043467,0.7025980911091825,2.081307661526184,1.0042611838277202,1.1871689761122113,-0.5290026178304819,0.6255010578511708,1.5662115725853676,1.3225462195223625,0.5037808862370771,1.1557289523359626,1.0176627731231584,1.756569915139778,0.81306829300687,0.9722195423848247,0.7393330704683727,2.4143459753004035,0.21122768173990927,1.1302562392794964,1.8235796583253858,1.6194767949773199,0.3100045385267073,-0.6106878841245477,0.732737937477005,0.7386983783213138,2.3622078959333326,0.48560581160678334,0.1845442989790996,0.20984970551926202,-0.20602767856588144,0.7877216350755133,-0.10499910868884602,1.599122502187494,2.330359113848548,1.408560057141305,-0.44292999107108016,0.3160868515859511,0.5244291645440824,2.442637173426426,0.9989184206748397,0.7033247137216392,2.017380477612903,1.572512573907962,1
-0.21846541833869149,2.1810891248616913,0.7528172741139424,0.962142389370112,-1.1327683005993445,1.7328872840704919,0.9080667386613575,0.32128000829713305,1.7073591663618053,1.6173329742695768,1.558286856658714,-0.04479966804062771,-0.30760526238940517,0.1294241438366848,1.3870855323439888,1.8331703313447003,0.894667463355106,1.3806504209023858,1.8410083616225443,0.7328491594806545,1.0786029952950085,2.071331005103218,2.440647833847654,1.2656319797486382,0.8630894468398455,1.0322914812312982,1.4058748325892971,-0.08096800605046503,-0.5137927258667945,0.9422093435099903,0.8809765066754189,2.1837208975339895,1.0125758737825188,0.5614436263987443,1.5596390347282072,0.5350392986406897,0.48982483753475126,1.8049181512937778,1.086968527569919,1.4920519397821645,0.3992576413983679,-0.1459856286737779,-0.8375554633449711,2.446142281516515,0.6959059607211352,0.5983207811677078,0.9351964807479214,0.5092521669619453,1.5166769009578331,0.9782537742228293,0.7481651409645527,1.1202857410888867,2.7870826435311447,2.08391872382508,2.976077241152114,0.9963281198944128,0.6556388434751396,0.5078829864316009,1.9842221513179847,0.7749395500304613,0.26255835217513535,1.0921913963205823,0.20202391214302612,0.49064267212769264,0.9814876848075766,0.833035631139696,1.3182971459759143,1.594259287025174,0.4260434161299461,1.6013670481052744,1.0164685732034469,0.9128431131810488,-0.12291882532672856,0.8226483594967428,1.6908391993818472,1.2065277256451439,0.7102765059691887,1.0803483175022437,1.0770246619962869,1.9144777908337351,1.0991124933238599,1.1850558783727958,0.8665031069904088,1.7638197369626447,0.10856736606779227,1.4820057645569362,1.9540514081197906,1.9612024874913,0.46492472619684116,-0.22740431375978415,0.792910298260977,0.8893054266814122,2.0365110511074174,0.8281029354701055,0.6924195976081411,-0.006047459969938343,-0.17083394039746455,0.6656251805919651,-0.37742778373229274,1.6348733724309703,1.8330474179471319,1.0883999190532136,-0.3962992740261726,1.102896282807088,0.3716034111512988,2.880537186480844,0.7041121762015476,0.4956759387915324,2.1522456116938047,1.2606178610820193,1
-0.22032261300061096,2.340554001176971,1.168062313590081,0.22037011429636527,1.1049220033698863,2.0677592640516105,0.9835681971714616,2.1472851942949216,0.8035463263499242,2.7206702611770233,1.9977139504130579,0.37831258402908136,-0.002715036233847723,0.21713760428605583,1.4571643696787087,1.0594748005797447,-0.3018461335640739,1.2751013850335147,-0.226978563230107,2.353939169016352,-0.43592782909477745,2.2264286418311237,1.2121234328847663,1.8730889865282747,0.8799690165581031,0.3013309187564942,0.7735910880011728,1.9428145465406303,-0.3388711660890066,0.7580496862220873,1.1457226153192352,0.8021331620549895,1.2520600104577566,1.710288166162942,0.7362308959587097,0.07964797925601563,0.056261765460629554,1.1059525019113936,1.5953480683465608,1.7436108402445414,-0.6573907894701032,0.3806329429548845,-0.42133462823546597,2.214134086340608,-0.5737697608677367,0.26143440346198926,1.0222946568766433,0.9404908718276987,0.49862904111150363,2.0987643234606317,0.48719150646531867,0.8159971082889929,1.4407898533708305,1.9748419708951173,2.9942033945498685,1.0243272957494136,1.1257413213974239,1.71775165439032,1.518918187304122,2.1071675569530757,0.8873269936834732,1.4543923061319677,1.0838775968345475,1.7849546770479199,2.645815417822197,1.9346281387386106,2.159084484257869,0.37227372976717943,-0.10912404921770352,1.1615903147369877,-0.7647197565667867,0.8331027514782015,-1.2406020312982586,0.061303546586165214,1.0828562538999835,2.0625067000223507,1.5271313102956368,0.12914247760119013,0.6271220383103429,0.9904454658769853,1.1349294647288684,1.6226914196219306,0.5939442696053356,3.2848215196009685,1.1292024610706757,2.5838973331998782,-1.2191530588175614,1.5989702051594195,0.9424290977812901,2.262259681707086,1.8126996362819316,-0.05462354245731943,1.9537718430008502,1.7864363893649131,-0.6451015059453277,1.3295418449752023,0.6692677979797456,0.2960322945294774,0.6490802123888184,0.6280662753432251,1.078001331897917,0.6827794176250769,1.4154132256222602,2.0185701367972753,0.8314663228457718,0.6213767299979257,-0.0973185872234309,0.9549248504820489,2.83650508304951,1.8344988594227913,2
0.3883522757469914,2.138832953421297,1.6920595071324271,-0.20140963727297384,1.1146039522266527,2.0430643715508396,1.5646170229035687,0.992683315936572,1.1169442943595038,1.2317505299803755,1.5309294017778208,0.14502920484224946,1.3859408682567507,-1.0971903368557674,1.23319370856217,0.906476236171395,0.4327634428463277,0.0543549378228515,0.3704706064781644,2.717724050771388,-0.23886863736721345,2.4257110357063913,1.8857949559907654,1.7017560462887467,-0.47116230241431567,1.6191518319740823,0.29750376579438176,1.505569961694325,0.48476170664532936,2.0075342085806875,1.639328883844093,-0.36657928627089276,1.715547200912161,1.6191076008664815,0.7937014488433044,0.7725074638770018,-1.0205898936508138,1.9795708940345444,0.5179880701552885,2.065912825570282,0.2437019632009677,1.0974132365779155,0.6852889700968193,1.2830806092857034,-0.40992531238330737,-0.9273757726887779,0.4406950928314691,0.7774223554155644,0.6290156810523957,2.78679249411854,0.3931432189530846,1.1417733249729372,1.5455781345694548,1.7872519506688351,2.0611317288664686,1.4421556363898629,1.8261698447643433,1.6932907605007836,1.9372857222336246,2.2222162682816364,0.9429718817377751,2.114915306448341,0.5679403898744243,0.7966968340410642,1.883510884104572,1.4055886332463055,2.2823032086129706,1.2956751809362814,0.08955134284807788,1.47967438070922,0.32970397482761316,0.7591286401175272,-0.47765060902990014,0.4335383543962076,1.4198988198403613,1.3336801075556974,2.26284844821112,0.6114839456602771,1.2010531966501126,1.4687627071700886,1.216935500153631,0.8904559510113756,1.2125986745896289,1.441349092110967,0.6610528907202391,2.5296679836237423,-0.201665436551477,0.7484482173127989,2.057623560013006,2.1889001561008263,1.4595516514296132,-0.19840570067918317,1.4252577588770243,0.912306228268452,-0.09902100836078742,0.7612353642407178,0.7975833774719326,0.679277073688209,0.5661760211262125,1.8644536083698746,1.722904327896326,1.0886372115428755,-0.07887338777217046,1.6906455014722366,0.2350230429289777,1.020243135698147,-0.0756205242920191,2.0378417879878814,2.2177726532483995,0.6674359950211648,2
0.4010401370743736,1.9907018338156288,0.5757845488901523,-0.8843142055594593,0.48070574066840166,2.5265824729310458,1.9527926900852406,0.9017735775865812,1.252013917070158,1.885282308220504,0.7412816200970342,0.4142012654605308,0.47492159404715795,0.4586579451125081,1.169546423608223,1.2842135968957393,0.18451209153853232,1.312578795684429,0.38898066718333046,2.1992836304252625,-0.296952700492222,2.377753514070484,2.3855012859106433,2.228116564042923,0.6005633813445462,1.5738951393473988,0.7157683494214573,0.9809953772600494,-0.6405113746859595,1.9838923968070565,2.2448710166812913,1.2161465330624006,1.6453917028235363,1.6843802003856445,1.661198408983084,0.29727679633347115,-0.4204453604565279,1.642642054808745,1.505864931620393,2.0878682128203927,0.07531422263887934,0.4901102171014279,0.5855700350560948,1.1306104588604642,-0.4044044195947985,0.1954509536607142,0.689124801042169,1.0405676565323672,-0.28243832537119185,3.1441712973619538,-0.18401992127808542,1.1866649884316391,1.8158998067894663,1.7510081570817633,2.0778296332756825,0.8769105639938749,1.1110625103910863,2.218157568818989,1.3266026721503261,1.906909010021819,0.09060902644826196,1.5483571271988228,-0.020294688632691904,1.4661962156251713,1.751226901399367,1.4327061725566619,1.8306211648770765,0.7217973743623396,0.695321946928369,1.6508136304170158,-0.7115409799295791,0.6512784001599778,-1.2435614852904462,0.15162402303462338,1.5375627350790906,2.5522910394091594,1.6523671026460884,0.2552148478156288,1.630607865741429,1.5380693603011213,0.10971904546847999,2.398319723640528,1.1735577545160563,1.8268388748922595,0.7567754970367856,1.7556996944926868,-0.21234948677538243,1.0435754960241137,1.6940739348613643,1.3622991711262868,0.08457036196120549,0.977045566017873,0.6987573306908792,1.365101865797666,1.0090993900369492,0.7039378073252487,-0.9978221961445574,-0.6031710602686141,-0.06826186474035645,1.5111375540412333,1.4318034872136838,0.7725318363602219,0.9137710976140668,0.5697791197743606,0.780708165831184,1.275551390928546,-0.07573688653926514,2.183097925878039,1.9240622834964465,1.246156900540408,2
0.22366553349465326,2.04360040818994,0.29809452829369043,-0.32351005596954685,0.020432579547885826,2.0071124703546643,2.700181489062174,1.0511696655468794,1.3449820405717594,2.861957321547198,2.430873735296988,-0.21444212191905931,-0.03229473706734598,0.1280552623876039,0.5487210580130755,1.218006504784709,0.029502441411010365,0.7192481264160033,0.8261210209096848,3.210248081154896,1.31962227013875,2.775923802277707,1.6395971863884857,2.5649699173101492,-0.17368625625172965,1.8183550538586932,0.3100235453222849,1.6753972388229648,0.24240421868642426,1.8909398637880144,1.4091907482183226,1.376057260548853,1.5639439111417517,3.0650196877540123,0.7527674392565307,0.9308764571177035,-0.4939803940694703,2.6248056245661333,0.9114505346650993,1.0384908369859518,0.0057785197472406125,1.114653868097194,-0.11821343260248762,1.1425189057834588,0.31454190372588525,0.5707035005251193,1.0945782254304857,1.4593591116015852,0.02753878993563016,2.4034703255473584,0.946175037921273,1.0834181145185313,1.008347949770592,2.516718568100529,2.4732201258883166,1.083658422178247,0.955192086991197,1.4614783378972478,1.548253735449706,1.3956898387673955,0.35785421215460766,2.64501297582765,0.9002163174083799,1.0191021963067497,1.6967954084886747,2.1430480139793517,1.4534329740049081,1.2177507510341132,0.2966551756226189,1.1014007037094764,-1.250180914028363,-0.04680695087190784,-0.7696269831208368,0.7255966594999954,2.404973862335371,2.6036402541027384,1.5787881750290638,0.42607483561480347,1.100435681808908,0.891628802435125,0.6514579533840349,1.9886236015891012,0.7526766500473829,2.654136562150625,0.7345757008796314,2.587928194580288,-0.6983094353771986,1.4485604978039535,1.4398879027206255,2.7838957055702007,1.007281703593762,0.40214084114133636,0.3883199497571982,1.1261230751533344,0.13635078690092373,1.3552413752776076,0.017890434647272233,-0.1954732112646326,0.6780746248992152,1.7997542377116011,1.1514446175617497,1.1238467149364446,1.234643563652749,-0.18835842853475393,-0.03817211608979443,1.847984530664975,-0.5570102885428306,1.3779742707891744,2.035733463619546,0.6618528803518069,2
1.5878004812972089,2.3191534027360303,1.2492251647890433,0.5890214801919795,0.14804699417684616,2.501308924302319,1.749506298181529,1.7507561426342255,1.6526265650818612,2.723224377641958,1.597126848395854,0.6486249553489385,0.9288293900978237,0.9463236996713992,0.9503867576833096,1.5155017788434937,-0.7229104830863539,1.392770351648926,0.8401135967881214,2.7288650226118696,0.14457679716751887,1.6269301221799486,2.362720518846886,1.4224079483485021,-0.358864604340101,1.398646705824916,1.0465507783452197,0.8454153858807456,-1.3213152856872639,2.195638576663799,1.4677957146115612,0.8721267558958428,2.413481271387663,2.4138687704056077,-0.6733708055317029,0.7169925406676061,-0.3033875290368444,2.221438509762424,1.6001425784365957,1.6513879380515708,0.2742573357682432,0.764365689446714,-0.22679434907865387,2.541267948103071,0.3941287824128155,-0.06910980249074394,1.5398485618572906,1.6221589514954085,-0.33769600395974647,2.929049110041503,-0.305403540217941,1.063915881818345,1.1852411929598927,2.42916660085743,3.518778521842566,1.2073997162526169,2.443176546100773,0.9420710004708046,1.499217991305354,1.8118291949925955,0.10140903652308109,2.231784384932221,0.36429269084392496,1.2305805125534088,0.8945858101138968,1.2847203367984092,1.6504896443147126,1.1503930090224066,0.25496161076644297,2.1851035155102663,-0.344142112239652,0.563508110264464,-1.112266838388733,0.9387847445535743,1.3257936486937734,1.2766565817936617,1.7604553026240977,0.7482510953706469,1.253163114837067,1.6847508467236358,0.766409927222501,1.5849854596718438,1.4393041537512157,2.6133447232865987,0.4807410429841915,2.2639430651005332,-0.7037072122196926,1.0624271091478112,1.885235481520749,1.3474523967309826,2.020297826553694,0.739088265515483,0.35071752186230754,1.5498692197653674,0.498619165835115,1.8462513876419864,-0.1463966241567117,-0.5028630875556233,-0.14544987343320592,1.1947119995695976,1.8619394730191172,1.6892121436887786,0.9089137822774631,0.9450383543307488,0.768649315188234,1.1215662190651126,0.9468420054040635,2.0187949635460183,2.0882096552490714,1.6153935386721072,2
-0.2055310150209182,1.7514370458659636,1.367483387249127,-0.802909789559603,-0.6702940118956201,2.082327029868776,1.8401024073109329,1.0573808114891172,1.3175717729438552,1.9441112986636406,1.3015883605021514,0.057694781877217105,0.9262460258030742,-0.4429525897978094,0.4711741577090254,1.0224675086172805,-0.6715463214628973,1.382276162402584,0.2908075799635116,2.5097217362339985,-0.22152024839595133,2.892983678484991,2.514398170297449,2.520757462123181,0.7492682389453449,1.9766956729248193,1.243535356327472,2.4130312763998716,-0.8743136157733371,0.9024874713512889,2.201298621555366,1.175663054712048,1.6384075329825443,1.871637583589329,1.1439241411691699,0.7883199110084276,-0.588942842695438,3.158701677495274,1.05458984319537,2.404374615024785,0.15882664900215926,0.47082702754801864,0.48010198731335985,2.1825123030551077,0.6005419386148187,0.0307616720741975,0.45299216101227174,-0.44637557109699866,-0.19904492459342288,1.4459720709911772,1.087951982541299,0.2969645323415145,1.1414886688254164,2.146418747568649,2.6695312838545426,1.410093728074772,1.9913130444109375,2.448441727307456,1.790570800090263,1.3239879421367073,1.157507727644227,2.975769939837173,1.1673619337006027,0.7561860684484505,0.770915695643021,0.9741480328004557,2.6503830344674,0.5397603273374701,0.9590650123631537,2.231864587255533,-2.0984662117020014,0.05718012521983917,-0.06344027645082695,0.004529694534282647,1.3127479555586534,2.5602224977385832,1.5166476383864353,1.5551480242611513,-0.053009003762871654,1.3897791613817867,1.0601255642553196,2.4817958735056385,1.19215464166487,2.515685910125734,1.315274359529055,1.9480756973310176,0.20242716005092637,1.4697643727489391,1.1072125612266417,1.9351894629995596,1.594352908389764,-0.11762995816257316,1.1084581699525093,0.3069700846348663,0.07657744877158296,1.0216738689715146,-0.35486428895703676,-0.5811469124812672,2.0202503770494062,1.42601219816693,1.0870368051630013,0.07562356007073845,0.06038838279747716,1.2655719960785645,1.3047293934807693,1.0080767919499218,-0.31375809367344554,1.2659192092673823,2.792133336548931,2.147207308583374,2
0.15701830987547738,2.5402873780347694,0.336781390915337,0.12339555345204128,0.03913099237278134,1.0873463866006348,2.4869690932677386,1.5455226875673929,0.16814210939000462,2.5571961567597707,2.1159360241896894,-0.38258461420872086,0.9431541895977691,-0.6401527483086966,1.680775852203587,0.9330952803240389,-0.24330878816982796,1.0120363312153977,-0.10791890240051666,2.857685418283494,-0.10063990706447079,3.1828553053482733,1.4744060276905344,1.0868721491382154,0.6165412701238255,1.031587263137507,0.4247090808735345,1.0412513452288772,-0.7107701888054323,1.8414600103801229,1.6212996107964521,1.6007087772857778,1.1641370898227286,1.8198146024115522,0.9116248017424873,0.8312182397863022,-1.2769731906278743,1.9438403175500854,1.0423042494231443,1.675469015375576,-0.701092875716367,1.2998072066667423,-0.3076577945245634,2.0155336863954942,-0.1016335090439091,-0.7736759604934609,0.6773994314496969,0.3045940730549592,-0.4580099627415521,2.1074946205917358,1.2364772404159052,-0.19118846883869134,1.519198673618508,2.138653291136336,0.8482206538627339,1.3461175502597218,1.4948175087426525,1.7349888157562972,2.1976950740271475,1.5511514664121584,0.006352074329487367,1.9545026530906613,0.556985983887504,1.366033668283473,0.5109834886706837,1.5133222439533667,2.38612114346758,0.9883479077423515,0.19490606518374165,2.6230869186141237,-0.62252591789825,0.8762188795751491,-1.2198653652300158,0.9459191841464397,0.5316610764863604,2.8277493236487197,2.667325157039798,0.6662194958889928,0.8512924468771212,1.4056036127662888,0.8311231514070928,2.3434553820962916,2.1363266098727522,1.1841227315794058,-0.3386554133379608,2.5334823448685087,-0.13303235363142166,2.263893272730968,1.1909841943776982,1.1267896763129925,0.4586921908088766,0.16485829671459756,1.8322342326872512,1.023905037473674,0.699729658210442,-0.6866267216398616,-0.5491748612575493,0.1517302213941225,0.4332169779561289,0.4308950260652281,2.270435934895017,-0.1229435710826573,0.21883169205673475,1.6102612332476687,0.30510120865341994,0.29185931928097564,0.39926911861193626,1.2090552084472197,1.412807652503775,1.248513840825972,2
0.5489518939277677,1.636451060533814,1.0022813918129032,-0.8808607714075253,0.27703340299235957,1.8023852227825805,2.2189405358846943,1.3669525990809308,1.1536882594529023,1.8664511075089418,1.2199547968099274,-0.9443799229161955,0.6933180552562326,-0.10739065373322121,1.1669755837139495,0.6348441996198695,0.39942223622173023,1.4676731923119717,0.4605764695785357,2.97134259139297,-0.2905025454097057,2.409897648119346,2.181515352867684,1.0762928686310413,-0.23719370502632095,0.5604996164360808,0.8063571152121646,0.7074259556450975,-0.20989248494881027,1.8861024700434244,2.546226730182798,1.0681530940007458,1.2749932020113426,1.6497044429102468,1.2579413055024269,0.430547520043537,0.04983963661772539,2.4307060542323913,1.690288515157301,1.8702099881082126,0.7718275967490418,0.5463202856278503,0.07567566569574592,2.3766097448299575,0.05385305629554357,0.4790156126567303,1.0831399920589613,0.6423208708631509,0.4124494638242506,0.9168944961481613,0.512769929151391,0.7216911988243179,1.6944839440145048,1.9544780724772874,1.3818816483060297,1.1207830206578087,1.0767730616182996,1.2658629569229864,1.8060223407979807,0.6711142535236115,0.4579852744491054,1.7495895330886542,-0.0793710172609069,1.8456500150192037,0.7305012845728804,1.1405300166539452,3.235080511678407,0.8673079863588717,0.20060893918953898,1.6569786659298378,-0.3313683491928951,0.35727807939987627,-0.5455894751434867,-0.03962243271834326,1.722995691619493,1.3501575861845816,1.4218011845081842,0.882737283667219,0.5874888112087208,1.0078437272840357,0.5987611643639956,1.879103261057645,0.9896974998746686,1.985912829720518,0.707825219569344,1.3813288209047798,0.5222114616581212,2.072824614816339,2.0459901330010712,1.9837785504766239,0.8754691490222918,1.796723073447053,0.9023816702712818,1.273940487777102,0.9555304004587766,-0.40107937790777526,0.13423449799381296,-0.13020780798636067,0.1371956947465071,0.524302279254927,1.196734487981659,0.5910524449680463,0.6809571837769962,1.886553466892473,1.8690601383877945,1.2753409053695197,0.2553714240630114,1.4355646522480514,2.165470208229966,1.4876304614640379,2
-0.005298988426775231,0.8493873242576013,1.5210704477858195,0.1288952336714691,0.4270686357554878,2.196100965587355,0.8673706863678016,1.2268526215843052,1.247795711292244,2.121178022556058,1.3806952043801128,0.2215129843043118,0.07884099385471205,-0.22465288279814133,1.200266501331718,0.790854292695542,0.4139161955559899,0.12383230182430638,0.6411613356262243,2.916965901667772,-0.20135006202511355,3.38395668200015,1.9469191025554382,2.043901608937132,-0.6546052930894845,2.0661221564361436,1.203070403811414,0.21856845299235783,0.1410757038500693,1.6578144458794841,1.4974130501454188,0.7407881049376425,1.5600201761656136,1.820161363635489,0.7777432887328555,1.0813405557384241,-0.42478463939038014,2.363724081014706,0.5421436393140084,1.9255518831561909,-0.4196398925998412,1.2103106529395773,-0.072247019144488,1.504097558657566,0.4373645128825151,0.3784863777302391,0.7656058821749815,0.7849266698260349,0.3544247399029033,2.165385173792558,0.6780631411939485,0.52361147919268,0.8703146366063681,3.0320024318941465,1.4412274279023787,0.4754218175943683,0.4426528528763294,1.974276164615707,1.7096709857658523,0.46262909566841215,1.0354716176239604,1.6145185671584599,0.9528553939780962,0.7026386956305226,1.2669304865128679,2.00236668712005,2.5155097323346665,1.2371967673722877,0.3277013168134597,0.6338908542523244,-0.9320671568490807,0.26010855919119924,-0.35780393186550696,0.8993902555586482,1.325053757575141,2.3564121863677734,1.018286386421433,0.20059106099297125,0.669080165532308,1.7299830318721106,0.12563884858763918,2.1916199419867177,2.4128448697414795,1.9251621830583958,0.5012119585512311,2.062830282169386,-1.2369478787889752,1.0272211372354096,1.5337875642113028,1.5159491842940274,0.024467318215937395,0.10687354293856613,0.6693853433139094,0.5455371074002633,0.7163817032678637,0.3717357613756158,-0.1718311437256632,0.05039331856563903,0.5584496282410573,1.1937236738220343,1.811034812186291,1.1472390404458923,1.0885550349434052,1.6329221974856123,1.2491910238357158,0.9263201272906284,-0.017597133975673918,2.3766176896789775,2.698313107407588,1.2734450896552147,2
0.7656568929737271,1.8389866559385015,0.6922349493382487,0.5514781657765339,0.029917995514273765,1.6002251343507312,2.174985492219602,1.3730985017348827,1.8977715728316875,2.0158649464975724,2.2276722491613308,0.4167148441801975,0.2798018827727244,-0.7843692810149787,1.7483100242716079,1.4792745311079263,0.6920361310045857,1.5149175153361991,0.02961140453267813,2.2850618337287307,0.268264423052301,3.10193511777326,2.7567250468181377,2.4345419142017772,-0.12578971578793444,0.4374771487920319,0.22283671852056902,0.3184286704698046,-0.5072681486978334,1.9555004674233831,1.840925717193425,0.7436297467697232,1.703744414850991,2.3855564238354585,0.5158258916332887,1.001332643343043,0.39811016712590297,2.0973439573082637,1.299170166203972,1.3516708047624126,0.7299754898393078,0.9088333184062921,1.3788750171040771,1.9157668743573155,-0.44664761989485524,-0.05898863400806276,1.1945519329154215,0.40001229967809787,0.22093136195340388,1.167398310244415,1.043342084343703,0.24284253247814286,0.9297925922039416,1.9330926530467183,3.260485354462193,0.9741478263545617,1.3708355175925582,1.4714387522679748,1.838611356585826,2.2284807087518708,0.6037499984049216,1.1803888445938324,0.04613777318646595,0.5478192398974232,1.0687365279865728,1.7439543098100776,2.1822851311977005,1.1964362761677838,-0.028826932245500564,1.0931791492402745,-1.0327776554179917,-0.15758209931824108,-0.8636416193897976,0.5714770336347289,2.1023977777292986,2.6681202482906152,2.91679174623611,0.17611278297669453,0.9897579102160159,2.2485768247472,1.146206391832313,1.554596623034748,1.1365638223096997,1.9176642250955653,-0.06259581377276952,2.5648306268841194,-0.6726647103875601,1.6758098695730774,1.2723070946221755,1.4924038146289054,0.6238810319278065,0.1557669043904401,1.3740893867290787,0.7868156754987217,0.7330517795271945,0.4351976096628724,-0.09420430931163376,0.7167583542528375,1.2028510130772374,0.26646829829986285,0.9365430425733557,1.44177116389179,0.43152152126855736,1.5848792023316713,-0.12008598285920313,1.089404646866064,-0.39501353969562125,1.1740775974393078,2.169188238834633,1.0832441990571855,2
0.47943742508579207,1.130283249195832,0.9184322228709838,-0.2513545536771883,0.6919751303795036,1.6521563561364236,2.2057647587608393,1.5552035845387722,0.6833813404025494,2.0812057115016636,1.3900853872922827,0.4870998289845958,1.6578215874442503,0.4008504817931948,1.0266469701587528,1.7412601094588624,-0.13902966190097266,0.40555753204956746,-0.3658049762950356,2.103519540530929,-0.2581945351367295,2.8251731379421483,2.159515536643363,2.364022566242952,-1.0853227801805576,0.8876607021532819,1.4990235312606361,1.5530622700319907,0.2361108364972505,0.7923960566542608,1.2133274749638077,0.5349492836115957,2.455505799527362,1.8234053133121304,0.1889434171826755,1.3514432543618007,-0.2468912948021284,2.747700604963333,1.7288246849942022,0.7449022269492914,0.48590127105127895,1.4091114026197915,0.038011078350491875,2.160224905671227,0.4753064174054702,-0.7128829043689129,0.7781179520131024,0.619348742964158,-0.336074728365392,2.7479032202012332,0.7822596151379388,0.9660745044366588,1.6851494531213518,2.1627974586901675,1.864186622077756,1.1254517754324669,2.1611544740687014,2.3847936064596413,2.2272559960986738,1.4970674766858005,0.5402233229849096,2.0201200876222867,1.0345954944426736,0.5065385687642097,1.373395944114764,1.6821339628452794,1.7207585366417875,1.2151439844022656,-0.091648291450768,0.8494688139680934,-0.9147493735654804,0.533742419584891,-0.7297179010251994,0.16449756563919937,1.9149100370920722,2.678394924496605,2.073549211844164,0.20260100093104605,1.9806502370440358,0.9081994118757889,0.161208022118147,1.8475061687381118,1.1545813423237834,1.6341174030781629,0.957943998779079,1.9755193700965947,-0.6209125284342565,0.8408005935278591,1.490037761986653,0.8462894111392278,0.6927439220218047,0.9599332743102009,0.6414720760981829,0.9069574503444527,0.466171452925085,0.18703619790870296,-0.5293065415021914,-0.15633750051413547,-0.18781203401575586,2.2239821534958413,0.9248461833812989,0.7035003970764168,1.040953516687425,0.867625237479795,0.8640754841464583,0.9384401452793442,0.7484160430445372,2.037652023261958,2.3863727489637583,1.4373352569136983,2
0.7685440551203264,2.8479181557646847,0.5418160628935669,-0.5482678320534224,0.8296523059918246,2.4092365031826626,2.3311546371626357,1.6396289365301737,1.4428739284970131,2.6215885545960522,2.096388782702497,-0.5622556526203717,0.8195155823131881,-0.5149926640108231,1.7134590625164254,2.462282212568542,-0.10274077594540144,0.6031051132730088,0.754407435920811,2.291319474461167,-0.09371526822760091,2.8255382043891175,2.0836020134619098,1.0166965263709273,-0.1257985303555843,1.3871183208620668,0.9120937421468116,0.4442103270254373,0.17720869471695294,0.5980002141713567,0.6048917615595002,0.8278703131732593,1.1884057148849683,2.3059561734166096,1.0764425797749508,0.8811598171458712,-0.752730559597806,2.7399887715299163,1.8101197023471003,1.1768526653071383,0.5077515990217022,0.9705671931631729,0.24496694681690273,2.330881700900547,0.5376869887227337,-0.41813691682192444,0.9946284991696654,0.025732253121033666,0.052212547715721064,2.596655507891944,0.8224911828981536,0.14574312109593224,0.5995460688556307,1.7130543212677418,2.6945915988552165,0.8876822866510893,2.5472246189958114,1.7345236286677446,1.4521843495086135,1.2191423293159394,0.029147073643299826,1.0134023323489298,0.5379806011963942,1.8275802010176878,0.795657790473203,1.000658396585801,1.3639242253680834,1.6415097306920243,-0.3385766461840882,2.7408055009562124,-1.054979143989753,-0.2843824263657917,-0.9144284898847046,0.14201154413908437,0.8217776031773458,2.2708784242345454,1.4775304892864454,0.6885562052032984,0.9387480011553369,1.1350087813949385,0.1437788145028166,1.8430435421049653,2.00509725282018,2.242465844554472,0.6315111309695824,2.1810584321852264,-0.1710768733291308,1.8683391074754225,1.2824879624925982,0.9673072782011585,1.0441308489827668,0.011305172355147552,0.822153453451375,1.3234972445644322,-0.024673353413768695,1.4742270048941561,0.7983117837707613,-0.010110481579689995,0.05730801784856665,0.5207132730836126,0.7596421190622021,1.2603517187926738,0.21667253599654113,1.0810723137040568,0.6706605029470407,0.8913121232958812,-0.1533552054470989,1.6871501930441224,2.6941533915501266,1.7633904712308017,2
0.9826413708269449,1.9924630295956658,0.4009616241663804,0.27626657843631125,0.41380144897431326,1.117984043535952,1.5353728709190642,2.0433500368133113,1.6853548553512436,3.019542212064037,2.1375014189418944,-0.9616425028150108,-0.25820620033153974,-0.8755171485592073,-0.022742553284127887,0.9980636011026223,-0.4308872172870547,0.2700443636284935,0.5321538260901058,1.672274300541798,-0.5077131015499129,2.0368077967130733,2.4879242875653143,1.7686385912634464,-1.063911932829607,1.0975161477870918,1.156384895380263,1.7474109819148638,-0.6514048403904094,1.6233924612510293,1.528753706072474,0.8716426808545961,1.621902440090664,2.514103399673852,0.8268693991834924,0.9054461898898036,-0.32545210369271493,1.6411414171418655,1.5047521141639315,1.3766029272787226,-0.18564592745389846,0.43851665083012215,-0.2554652370782415,1.818822551053172,0.14137632399570896,0.09900338855131405,0.35205664392885727,0.665628749228325,0.1871063014691759,1.974311097794977,0.07124591680120285,-0.29214566304527767,1.2414776729246273,1.412010295362741,2.736662092823885,1.6726622857347464,0.6099829938392328,1.9736693414867061,2.5512210705045266,0.8545425488488249,0.16233835651513961,2.6899530312813864,1.2359725759926843,0.6100603925954116,1.2194937373223487,1.5069178852303589,1.6878036093125914,1.9408785273691724,-0.5127246480645206,1.528865475013613,-0.334536214456306,-0.26933764777201963,-1.07272139292525,-0.1759320502328005,1.3415297986121386,1.7360241721211294,1.3933094774615535,-0.13422155691057946,0.4239918525548453,1.5900820553657562,1.200172398814645,1.7614396215993346,2.589765602400939,2.610719055008514,0.37250936468256096,2.3097889945923127,-0.1824285240858472,2.906576273187464,1.3954795475567126,2.1928893214487535,1.8158163233331504,-0.20392700844009637,0.5736273756118138,1.1289708321952372,0.7196646089556231,1.1657740549297255,-0.1366349273573534,-0.9993088472336823,0.15165337819307573,1.5426090617907826,1.7390733777832037,1.1307799631281257,1.5813073614065312,0.8585563076623567,1.1684725059249759,0.9136677342553561,-0.47043833730539664,2.2076580543892206,1.6229321879333285,1.555705913835791,2
1.7812481362235824,0.8383250015069026,1.2359482884350803,-0.5510784830732469,0.14829394854942893,1.8293923835194408,1.6500629202564188,1.1519823788111898,1.0596905529052307,1.6446802127794165,2.2820804459562187,-0.883472415368513,0.1282749432794546,-1.317138436662502,1.459243378076571,1.427087916596412,0.6221822556176004,0.2384882201890719,0.3742317189675957,2.7323771092227602,-0.3218977375697296,3.5623174724218982,2.52692252713776,1.4668983667481614,-0.16316519688002484,0.6240783904209876,-0.41592710677631284,2.0386061798059347,-0.6275856606354171,1.3941248659428467,2.2548007904083684,0.8888606245026263,1.9882507567374919,2.0970743123890343,1.7994711413995157,0.36886470352558365,-0.6654329509828855,2.5923543451782627,1.8738554778064929,1.3026754924514734,-0.04202859416433333,0.0941673927490837,0.2599891211417292,1.2694188238941457,-0.556161706794842,0.5558015503042746,1.337689337964485,1.1027608370696758,0.035164946801603134,2.191224513818904,1.3975421107866368,1.3274153825548403,1.3922321963091577,2.64056736751379,1.6712992672361655,1.6442259691169303,0.6688113177360583,2.294904505911787,2.0127824622976647,1.1677943237797184,0.543114220708378,1.5986397103764358,-0.0349139759785666,0.9148735446077794,0.8190322929464494,1.5566890484601703,2.257495643780587,1.1029218422469043,0.019664881390972083,1.6340000933707575,0.051194063358621755,-0.15082991551803893,-1.4325154028776783,0.6318360586961469,2.529167479334342,1.8895630454604881,0.7839808953523277,0.8219202206460972,1.4905777298100493,1.224067750738945,0.28044365996178844,1.816283607616248,0.11260874972171808,1.3164346820877058,0.9048606274319226,2.586769601943358,-0.8715850655683136,1.4158020296326181,1.3765306720674872,2.326936012734059,1.4012949236909864,0.2590061074327199,0.9226066962327255,1.4897864378232808,-0.2861816691039164,1.3789569943226938,-0.11613573491387724,0.36866576867999346,0.03198894382038203,0.9687874911523048,1.8182245462770117,0.38115459929680323,1.1173828549167244,1.0145152256449583,0.6700733887044065,0.9378728777918682,0.051174206692851665,1.3059261889872906,2.4803905325439524,1.295491635668658,2
0.37786699110675553,1.8761425312393543,0.438662415485449,0.3127207515673359,0.015642978575116373,1.5574649665822646,1.3063361287464184,1.5886578971536085,1.1695704092062806,2.195310162348069,2.0978687664877995,0.18613633661214393,0.7366514049985516,-0.022821858251866098,0.5913577513991217,1.3193461391901664,-0.22145780885472563,0.30033419290660524,-0.026605830074426517,2.5233894317109686,-0.518747852368078,2.98540437852913,2.6585744036222145,1.7806530889535601,-0.025310896547566075,0.4842046487903401,1.5864391244400362,0.6531148307559116,-0.5923485172641293,1.5870064134251805,2.041337347332285,0.6889713380776744,2.7255232139084606,1.1479656023907427,1.1320348039000296,0.9359659585280218,-1.245263354552433,2.4915431903966487,1.7788893679142899,1.8405422872031287,0.01243490835917238,0.6589038266839111,-0.36116845846114864,1.6647697083902402,-0.42027651570804314,-0.3484455498437762,0.10042900904090157,0.958547940283554,-0.3628579564229327,1.7756293933326315,0.9806947311060514,0.35520840216904187,1.8493481246843806,2.032248421205276,2.1520927167483883,1.4463903625707206,2.079563049107322,1.3854486495506912,1.8961108233428183,1.134591250637017,0.0928861291252675,2.289312172622655,0.7854789249211647,1.5687766119097586,1.748936095707736,0.7427816689157837,1.5303160373744056,1.433093940568417,1.3842556833665167,1.4558633223825506,0.22248417535641407,-0.5351948361982235,-1.5160061592380618,0.2931178502266569,2.528907320888178,1.6653095362102892,0.7528917083421555,1.326848250464196,1.140969376802585,1.7330650541270214,0.07628101172183355,1.356355441237667,1.115797253060531,1.4108323578727289,-0.21948148142341128,2.8243831408330267,0.3534028126334492,2.4695136300406304,1.9437067042097453,1.8590939315786115,0.8602673925615748,-0.0455952628077651,1.139705794169304,0.666655275288123,0.4834725410865154,0.695632456656826,-1.0717043397591612,-1.233226635312064,0.14563553611206664,1.1821605706345522,1.4038403714304601,0.42386501407988103,0.6923315880778647,1.1178486834649075,1.019647134576734,0.7709292251852268,0.44333721127364517,1.033038991838985,2.5288141641827453,1.2230062224719696,2
